record_id,platform,category,product_id,product_name,listing_description,price_text,price_currency,price_min,price_max,min_order_text,min_order_quantity,min_order_unit,supplier_name,supplier_meta,rating_text,review_text,selling_points,badges_text,is_ad,source_url,image_url,captured_at,search_query,source_language
ali-1601514610024,Alibaba.com,桌面照明,1601514610024,触摸无线台灯复古酒吧USB充电发光二极管台灯便携式餐厅装饰夜灯,触摸无线台灯复古酒吧USB充电发光二极管台灯便携式餐厅装饰夜灯,US$1.62-2.65,USD,1.62,2.65,最低起订量：1 piece,1,piece,"Guangzhou Jiguang Lighting Co., Ltd.",12年 / CN,4.5,4.5/5.0 / (31),,,False,https://www.alibaba.com/product-detail/Touch-Wireless-Table-Lamp-Retro-Bar_1601514610024.html,https://s.alicdn.com/@sc04/kf/H65350a91103042db8f8ed42eb259d321s.jpg_300x300.jpg,2026-09-08T05:39:18.296000+00:00,desk lamp,zh-CN
ali-11000031098174,Alibaba.com,桌面照明,11000031098174,多场景婚礼台灯，触摸开关，USB充电，灵活的电池容量，接受小批量订单，快速发货,"多场景婚礼台灯，触摸开关，USB充电，灵活的电池容量，接受小批量订单，快速发货；满 US$2,000 立减 5%；无忧退",US$4.89-6.85,USD,4.89,6.85,最低起订量：2 sets,2,sets,"Yuyao Qianyi Technology Co., Ltd.",1年 / CN,4.4,4.4/5.0 / (18),"满 US$2,000 立减 5% | 无忧退",认证,False,https://www.alibaba.com/product-detail/Multi-scene-Wedding-Table-Lamp-Touch_11000031098174.html,https://s.alicdn.com/@sc04/kf/Ad3181e8c704447b28e16008d2af342482.png_300x300.png,2026-09-08T05:39:18.296000+00:00,desk lamp,zh-CN
ali-1601560122939,Alibaba.com,桌面照明,1601560122939,EGH Leeslamp En Boekenlamp Tafellampje Bureaulamp发光二极管Voor Kantoor & Nachtlezen桌上台灯为荷兰,EGH Leeslamp En Boekenlamp Tafellampje Bureaulamp发光二极管Voor Kantoor & Nachtlezen桌上台灯为荷兰；180 天内底价；10月09日前到货；退款保证,US$1.57,USD,1.57,1.57,最低起订量：2 pieces,2,pieces,"Shenzhen Shengyihe Industry Co., Ltd.",8年 / CN,4.8,4.8/5.0 / (85),180 天内底价 | 10月09日前到货 | 退款保证,认证,False,https://www.alibaba.com/product-detail/EGH-Leeslamp-En-Boekenlamp-Tafellampje-Bureaulamp_1601560122939.html,https://s.alicdn.com/@sc04/kf/H60fa5355310048cebd40ec2216ee512e4.png_300x300.png,2026-09-08T05:39:18.297000+00:00,desk lamp,zh-CN
ali-1601707491652,Alibaba.com,桌面照明,1601707491652,Senya-Pro 经典布艺灯罩台灯触摸式调光USB可充电无绳LED夜灯适用于卧室床头酒店,Senya-Pro 经典布艺灯罩台灯触摸式调光USB可充电无绳LED夜灯适用于卧室床头酒店；3 天内发货；退款保证,US$5.50-6.99,USD,5.50,6.99,最低起订量：1 piece,1,piece,"Fuzhou Senya-Pro Technology Co., Ltd.",4年 / CN,4.9,4.9/5.0 / (105),3 天内发货 | 退款保证,,False,https://www.alibaba.com/product-detail/Senya-Pro-Classic-Fabric-Shade-Table_1601707491652.html,https://s.alicdn.com/@sc04/kf/Hcf9a7391461e45d1b7a597077fd720ebo.png_300x300.png,2026-09-08T05:39:18.297000+00:00,desk lamp,zh-CN
ali-1601520736616,Alibaba.com,桌面照明,1601520736616,便携式无绳台灯织物灯罩台灯5200毫安时充电电池供电照明可调光灯,"便携式无绳台灯织物灯罩台灯5200毫安时充电电池供电照明可调光灯；满 US$2,000 立减 5%",US$3.99-9.99,USD,3.99,9.99,最低起订量：5 pieces,5,pieces,"Jiangmen Lingmeng Technology Co., Ltd.",4年 / CN,4.9,4.9/5.0 / (34),"满 US$2,000 立减 5%",认证,False,https://www.alibaba.com/product-detail/Portables-Cordless-Table-Lamp-Fabric-Shade_1601520736616.html,https://s.alicdn.com/@sc04/kf/H62f00ec89be84c60a94632caf61f400eE.jpg_300x300.jpg,2026-09-08T05:39:18.297000+00:00,desk lamp,zh-CN
ali-1601762238764,Alibaba.com,桌面照明,1601762238764,批发可定制褶皱布艺无绳LED台灯便携式可充电台灯适用于婚礼酒店餐厅,批发可定制褶皱布艺无绳LED台灯便携式可充电台灯适用于婚礼酒店餐厅；180 天内底价；10月25日前到货；退款保证,US$3.51,USD,3.51,3.51,最低起订量：20 pieces,20,pieces,"Zhongshan Qingyang Lighting Engineering Co., Ltd.",6年 / CN,4.9,4.9/5.0 / (53),180 天内底价 | 10月25日前到货 | 退款保证,认证,False,https://www.alibaba.com/product-detail/Wholesale-Customizable-Pleated-Fabric-Cordless-LED_1601762238764.html,https://s.alicdn.com/@sc04/kf/H3f16c6afdd5647348c2baec06267950fH.jpg_300x300.jpg,2026-09-08T05:39:18.297000+00:00,desk lamp,zh-CN
ali-1601696841125,Alibaba.com,桌面照明,1601696841125,2700K 可充电 LED 台灯定制灯罩古典餐厅客厅无绳台灯,2700K 可充电 LED 台灯定制灯罩古典餐厅客厅无绳台灯；无忧退；复购率 23%,US$18.30-21.80,USD,18.30,21.80,最低起订量：30 pieces,30,pieces,"Zhongshan Rebecca Lighting Co., Ltd.",5年 / CN,4.9,4.9/5.0 / (82),无忧退 | 复购率 23%,认证,False,https://www.alibaba.com/product-detail/2700K-Rechargeable-LED-Table-Lamp-Customization_1601696841125.html,https://s.alicdn.com/@sc04/kf/Hfdeb64efb9044526866413ec21d0aaa3N.jpg_300x300.jpg,2026-09-08T05:39:18.297000+00:00,desk lamp,zh-CN
ali-1601210554608,Alibaba.com,桌面照明,1601210554608,餐厅无线充电底座发光二极管铝合金充电书桌触摸调光金属台灯带充电站,"餐厅无线充电底座发光二极管铝合金充电书桌触摸调光金属台灯带充电站；满 US$2,000 立减 5%；无忧退；复购率 15%",US$1.95-6.98,USD,1.95,6.98,最低起订量：2 pieces,2,pieces,"Hangzhou Delta Art Light Co., Ltd.",8年 / CN,4.9,4.9/5.0 / (41),"满 US$2,000 立减 5% | 无忧退 | 复购率 15%",认证,False,https://www.alibaba.com/product-detail/Restaurant-Wireless-Charging-Base-LED-Aluminum_1601210554608.html,https://s.alicdn.com/@sc04/kf/H63b342d203ed41a1a486f61a71fc4651d.png_300x300.png,2026-09-08T05:39:18.297000+00:00,desk lamp,zh-CN
ali-1601255818846,Alibaba.com,桌面照明,1601255818846,工厂批发豪华金属复古无绳台灯餐厅酒吧卧室触摸控制LED充电台灯,工厂批发豪华金属复古无绳台灯餐厅酒吧卧室触摸控制LED充电台灯；无忧退,US$3.70-4.70,USD,3.70,4.70,最低起订量：50 pieces,50,pieces,"Zhongshan Huatian Photolectric Co., Ltd.",3年 / CN,4.6,4.6/5.0 / (77),无忧退,认证,False,https://www.alibaba.com/product-detail/Factory-Wholesale-Luxury-Metal-Retro-Cordless_1601255818846.html,https://s.alicdn.com/@sc04/kf/Hff372fa29e5f4bada7f354c05bc8b681n.jpg_300x300.jpg,2026-09-08T05:39:18.297000+00:00,desk lamp,zh-CN
ali-1601699093277,Alibaba.com,桌面照明,1601699093277,现代婚礼台灯触摸控制可调光亮度色温可调护眼灯适合书房办公室,现代婚礼台灯触摸控制可调光亮度色温可调护眼灯适合书房办公室；24 小时内发货；退款保证,US$3-4,USD,3,4,最低起订量：1 piece,1,piece,"NINGBO HAISHU SELDORAUK ELECTRICAL CO., LTD.",11年 / CN,4.7,4.7/5.0 / (122),24 小时内发货 | 退款保证,,False,https://www.alibaba.com/product-detail/Modern-Wedding-Desk-Lamp-Touch-Control_1601699093277.html,https://s.alicdn.com/@sc04/kf/Hd65346f120ba4bbf84a011a068c5da0fX.jpg_300x300.jpg,2026-09-08T05:39:18.297000+00:00,desk lamp,zh-CN
ali-1601441523766,Alibaba.com,珠宝饰品,1601441523766,J & D经典款式18k金不锈钢白色水钻链网球字母手链,J & D经典款式18k金不锈钢白色水钻链网球字母手链；9月30日前到货；无忧退；复购率 36%,US$1.98,USD,1.98,1.98,最低起订量：2 pieces,2,pieces,"Yiwu J And D Jewelry Co., Ltd.",9年 / CN,4.7,4.7/5.0 / (1127),9月30日前到货 | 无忧退 | 复购率 36%,,False,https://www.alibaba.com/product-detail/J-D-Classic-Style-18K-Gold_1601441523766.html,https://s.alicdn.com/@sc04/kf/Hec17d8d5171b451fa2e58f737732429dN.jpg_300x300.jpg,2026-09-08T05:39:25.269000+00:00,crystal bracelet,zh-CN
ali-1601599347158,Alibaba.com,珠宝饰品,1601599347158,时尚幸运四叶草网球手链 红金银红水晶水钻四叶草网球手链,时尚幸运四叶草网球手链 红金银红水晶水钻四叶草网球手链；180 天内底价；10月01日前到货；复购率 20%,US$1.98,USD,1.98,1.98,最低起订量：2 pieces,2,pieces,"Yiwu Xinguang Jewelry Co., Ltd.",1年 / CN,4.3,4.3/5.0 / (51),180 天内底价 | 10月01日前到货 | 复购率 20%,,False,https://www.alibaba.com/product-detail/Fashion-Lucky-Four-Leaf-Clover-Tennis_1601599347158.html,https://s.alicdn.com/@sc04/kf/H4bb3379adebb4c04ade4ac3d0d238fb0B.jpg_300x300.jpg,2026-09-08T05:39:25.269000+00:00,crystal bracelet,zh-CN
ali-1601541732973,Alibaba.com,珠宝饰品,1601541732973,批发便宜的女式手镯自然浅粉色玫瑰石英水晶实心手镯愈合天然石待售,批发便宜的女式手镯自然浅粉色玫瑰石英水晶实心手镯愈合天然石待售；180 天内底价；10月02日前到货；无忧退；复购率 19%,US$9.90,USD,9.90,9.90,最低起订量：1 piece,1,piece,"Donghai Hengmei Crystal Co., Ltd.",10年 / CN,4.6,4.6/5.0 / (355),180 天内底价 | 10月02日前到货 | 无忧退 | 复购率 19%,,False,https://www.alibaba.com/product-detail/Wholesale-Cheap-Womens-Bracelets-Natur-Pale_1601541732973.html,https://s.alicdn.com/@sc04/kf/Hd92dffb120cd40f28e6a31b90bd0f32ej.jpg_300x300.jpg,2026-09-08T05:39:25.269000+00:00,crystal bracelet,zh-CN
ali-1601462539182,Alibaba.com,珠宝饰品,1601462539182,JD GEMS 批发天然石手链 老矿物粉色水晶手链 时尚紫水晶珠手链 适合日常佩戴,JD GEMS 批发天然石手链 老矿物粉色水晶手链 时尚紫水晶珠手链 适合日常佩戴；10月01日前到货；退款保证；复购率 19%,US$0.23-3.19,USD,0.23,3.19,最低起订量：5 pieces,5,pieces,"Yiwu Jingdi Jewelry Co., Ltd.",4年 / CN,4.6,4.6/5.0 / (272),10月01日前到货 | 退款保证 | 复购率 19%,认证,False,https://www.alibaba.com/product-detail/JD-GEMS-Wholesale-Natural-Stone-Bracelet_1601462539182.html,https://s.alicdn.com/@sc04/kf/H5162ce7b00f1424ca494477fdbc1bbadw.png_300x300.png,2026-09-08T05:39:25.269000+00:00,crystal bracelet,zh-CN
ali-1601582950065,Alibaba.com,珠宝饰品,1601582950065,批发钻石18k镀金无光泽时尚金色珠宝手镯不锈钢手镯女手镯,批发钻石18k镀金无光泽时尚金色珠宝手镯不锈钢手镯女手镯；10月02日前到货；退款保证,US$0.76-1.41,USD,0.76,1.41,最低起订量：6 pieces,6,pieces,"Yiwu Feimi Import & Export Co., Ltd.",3年 / CN,4.7,4.7/5.0 / (195),10月02日前到货 | 退款保证,,False,https://www.alibaba.com/product-detail/Wholesale-Diamond-18K-Gold-Plated-Non_1601582950065.html,https://s.alicdn.com/@sc04/kf/Hbf94216d338f4e24b2eef5058195e171K.jpg_300x300.jpg,2026-09-08T05:39:25.269000+00:00,crystal bracelet,zh-CN
ali-1600479032096,Alibaba.com,珠宝饰品,1600479032096,天然石石英水晶珠手链 6 毫米 8 毫米 10 毫米玛瑙手串宝石散珠手链男女款,天然石石英水晶珠手链 6 毫米 8 毫米 10 毫米玛瑙手串宝石散珠手链男女款；10月04日前到货；复购率 16%,US$0.16-13.97,USD,0.16,13.97,最低起订量：12 pieces,12,pieces,"Yiwu Chuanfan Jewelry Co., Ltd.",6年 / CN,4.7,4.7/5.0 / (252),10月04日前到货 | 复购率 16%,认证,False,https://www.alibaba.com/product-detail/Natural-Stone-Quartz-Crystal-Beads-Bracelets_1600479032096.html,https://s.alicdn.com/@sc04/kf/H3db301f29e0a45ca94b0b272e7465af6S.jpg_300x300.jpg,2026-09-08T05:39:25.269000+00:00,crystal bracelet,zh-CN
ali-1601797211396,Alibaba.com,珠宝饰品,1601797211396,KAIMEI 新款时尚批发夏季水晶AB钻石手镯时尚水滴新娘闪亮时尚手链手镯,KAIMEI 新款时尚批发夏季水晶AB钻石手镯时尚水滴新娘闪亮时尚手链手镯；每满 US$100，立减 US$10；180 天内底价；9月28日前到货；退款保证,US$2.31,USD,2.31,2.31,最低起订量：2 pairs,2,pairs,"Yiwu Kaimei E-Commerce Co., Ltd.",9年 / CN,4.5,4.5/5.0 / (268),每满 US$100，立减 US$10 | 180 天内底价 | 9月28日前到货 | 退款保证,,False,https://www.alibaba.com/product-detail/KAIMEI-New-Arrival-Fashion-Wholesale-Summer_1601797211396.html,https://s.alicdn.com/@sc04/kf/H0d1637026e994034999d7cf64d7ac191l.jpg_300x300.jpg,2026-09-08T05:39:25.269000+00:00,crystal bracelet,zh-CN
ali-1600846354850,Alibaba.com,珠宝饰品,1600846354850,批发天然4毫米6毫米8毫米10毫米珍贵宝石治疗水晶男女手链,批发天然4毫米6毫米8毫米10毫米珍贵宝石治疗水晶男女手链；180 天内底价；10月01日前到货；复购率 19%,US$0.58-5.26,USD,0.58,5.26,最低起订量：100 strands,100,strands,"Shenzhen Guangyuan Jewelry Co., Ltd.",17年 / CN,4.9,4.9/5.0 / (37),180 天内底价 | 10月01日前到货 | 复购率 19%,,False,https://www.alibaba.com/product-detail/Wholesale-Natural-4mm-6mm-8mm-10mm_1600846354850.html,https://s.alicdn.com/@sc04/kf/He1328c4f33ea4f85af866b2ff007a48aS.jpg_300x300.jpg,2026-09-08T05:39:25.269000+00:00,crystal bracelet,zh-CN
ali-1601666443998,Alibaba.com,珠宝饰品,1601666443998,本地库存欧美不锈钢女士高端水钻电镀手链不褪色跨境饰品,本地库存欧美不锈钢女士高端水钻电镀手链不褪色跨境饰品；180 天内底价；3 天内发货；无忧退；复购率 17%,US$2.70-3.33,USD,2.70,3.33,最低起订量：2 pieces,2,pieces,"Yiwu Moshine Jewelry Co., Ltd.",2年 / CN,4.9,4.9/5.0 / (148),180 天内底价 | 3 天内发货 | 无忧退 | 复购率 17%,,False,https://www.alibaba.com/product-detail/Local-Stock-European-American-Stainless-Steel_1601666443998.html,https://s.alicdn.com/@sc04/kf/H661898f9c9e04c91b9129df3b9c6b4435.jpg_300x300.jpg,2026-09-08T05:39:25.269000+00:00,crystal bracelet,zh-CN
ali-62162115055,Alibaba.com,珠宝饰品,62162115055,2025新款网球链手链男士冰镇1排水晶说唱歌手珠光金光闪闪的男士女士珠宝,2025新款网球链手链男士冰镇1排水晶说唱歌手珠光金光闪闪的男士女士珠宝；180 天内底价；10月02日前到货；退款保证；复购率 29%,US$1.50-2.50,USD,1.50,2.50,最低起订量：1 piece,1,piece,Yiwu Uwin Import And Export Limited,8年 / CN,4.7,4.7/5.0 / (740),180 天内底价 | 10月02日前到货 | 退款保证 | 复购率 29%,,False,https://www.alibaba.com/product-detail/2025-New-Arrivals-Tennis-Chain-Bracelet_62162115055.html,https://s.alicdn.com/@sc04/kf/HTB1sMhjeBaE3KVjSZLeq6xsSFXa6.jpg_300x300.jpg,2026-09-08T05:39:25.269000+00:00,crystal bracelet,zh-CN
ali-1600930008170,Alibaba.com,茶具,1600930008170,批发定制印花标志现代彩色白色黑色礼品套装骨瓷陶瓷咖啡杯茶碟,批发定制印花标志现代彩色白色黑色礼品套装骨瓷陶瓷咖啡杯茶碟,US$1.78-2.90,USD,1.78,2.90,最低起订量：36 sets,36,sets,"Henan Lomato Enterprise Co., Ltd.",8年 / CN,4.9,4.9/5.0 / (132),,,False,https://www.alibaba.com/product-detail/Wholesale-Custom-Printed-logo-Modern-Colorful_1600930008170.html,https://s.alicdn.com/@sc04/kf/H3e6a962adbde4b98be3b8249938e6c9eG.png_300x300.png,2026-09-08T05:39:29.132000+00:00,ceramic tea set,zh-CN
ali-1601571829651,Alibaba.com,茶具,1601571829651,陶瓷供应商散装定制logo简约纯白金边中国茶咖啡杯茶盘套装下午茶,"陶瓷供应商散装定制logo简约纯白金边中国茶咖啡杯茶盘套装下午茶；满 US$2,000 立减 5%；无忧退；复购率 15%",US$1.08-1.80,USD,1.08,1.80,最低起订量：1 piece,1,piece,"Chaozhou Chao'an Xingtao Ceramics Co., Ltd.",2年 / CN,4.9,4.9/5.0 / (14),"满 US$2,000 立减 5% | 无忧退 | 复购率 15%",,False,https://www.alibaba.com/product-detail/Ceramic-Supplier-Bulk-Custom-logo-Simple_1601571829651.html,https://s.alicdn.com/@sc04/kf/H6ed2949ed18e4b7e8da163a79ed176caU.png_300x300.png,2026-09-08T05:39:29.132000+00:00,ceramic tea set,zh-CN
ali-1601539228149,Alibaba.com,茶具,1601539228149,格灵熟练制造陶瓷抹茶茶碗时尚粉色抹茶工具套装，带礼品包装,格灵熟练制造陶瓷抹茶茶碗时尚粉色抹茶工具套装，带礼品包装；11月14日前到货；无忧退,US$9.60,USD,9.60,9.60,最低起订量：2 sets,2,sets,"Yiwu City Geling Bamboo And Wooden Products Co., Ltd.",6年 / CN,4.1,4.1/5.0 / (96),11月14日前到货 | 无忧退,,False,https://www.alibaba.com/product-detail/Geling-Skillful-Manufacture-Ceramic-Matcha-Chawan_1601539228149.html,https://s.alicdn.com/@sc04/kf/H166579dbe90047fe8cde691b2c88b741t.jpg_300x300.jpg,2026-09-08T05:39:29.132000+00:00,ceramic tea set,zh-CN
ali-60817480849,Alibaba.com,茶具,60817480849,p71独特的瓷制茶杯 & 茶碟，素白优雅陶瓷卡布奇诺杯套装 & 茶具,"p71独特的瓷制茶杯 & 茶碟，素白优雅陶瓷卡布奇诺杯套装 & 茶具；满 US$2,000 立减 5%",US$0.70-1,USD,0.70,1,最低起订量：100 sets,100,sets,"Shijiazhuang Langkuo Trading Co., Ltd.",9年 / CN,4.8,4.8/5.0 / (49),"满 US$2,000 立减 5%",,False,https://www.alibaba.com/product-detail/P71-Unique-Porcelain-Tea-Cup-Saucer_60817480849.html,https://s.alicdn.com/@sc04/kf/H8d8d97877aab471b8c3173d39a54f01er.png_300x300.png,2026-09-08T05:39:29.132000+00:00,ceramic tea set,zh-CN
ali-1601825956593,Alibaba.com,茶具,1601825956593,厂家直销日本陶瓷樱花抹茶茶具套装 8 件套可定制 - 茶筅、茶碗、茶勺、滤网、礼盒,厂家直销日本陶瓷樱花抹茶茶具套装 8 件套可定制 - 茶筅、茶碗、茶勺、滤网、礼盒,US$2.50-10,USD,2.50,10,最低起订量：50 pieces,50,pieces,"Yiwu Zking Craft Co., Ltd.",1年 / CN,5.0,5.0/5.0 / (16),,,False,https://www.alibaba.com/product-detail/Factory-Direct-Japanese-Ceramic-Sakura-Matcha_1601825956593.html,https://s.alicdn.com/@sc04/kf/H3abfbd193b0d479eb4e71b5cf1b5257da.jpg_300x300.jpg,2026-09-08T05:39:29.132000+00:00,ceramic tea set,zh-CN
ali-1600313090933,Alibaba.com,茶具,1600313090933,12pcs新英格兰优雅风格奢华金圈200cc咖啡杯茶托茶具,12pcs新英格兰优雅风格奢华金圈200cc咖啡杯茶托茶具；无忧退；复购率 28%,US$41.67-62.46,USD,41.67,62.46,最低起订量：10 sets,10,sets,"Karosa Chinaware (shenzhen) Co., Ltd.",12年 / CN,4.8,4.8/5.0 / (23),无忧退 | 复购率 28%,,False,https://www.alibaba.com/product-detail/12pcs-New-England-Elegant-Style-Luxury_1600313090933.html,https://s.alicdn.com/@sc04/kf/H262d02eee5704339b24ceb7f3b9dc571e.jpg_300x300.jpg,2026-09-08T05:39:29.132000+00:00,ceramic tea set,zh-CN
ali-1601271293335,Alibaba.com,茶具,1601271293335,15pcs豪华1125毫升瓷茶茶几套装顶级金色花卉复古埃塞俄比亚陶瓷杯套装,15pcs豪华1125毫升瓷茶茶几套装顶级金色花卉复古埃塞俄比亚陶瓷杯套装；11月14日前到货；无忧退,US$32.90,USD,32.90,32.90,最低起订量：4 sets,4,sets,"Yiwu Chengyu Import And Export Co., Ltd.",2年 / CN,4.1,4.1/5.0 / (8),11月14日前到货 | 无忧退,,False,https://www.alibaba.com/product-detail/15pcs-Luxury-1125ml-Porcelain-Tea-Coffee_1601271293335.html,https://s.alicdn.com/@sc04/kf/He73dfad15af547188bfb042713239cda1.jpg_300x300.jpg,2026-09-08T05:39:29.132000+00:00,ceramic tea set,zh-CN
ali-1601567749257,Alibaba.com,茶具,1601567749257,传统陶瓷抹茶茶碗，带喷口和搅拌器支架，用于仪式查万抹茶搅拌碗咖啡和茶具,传统陶瓷抹茶茶碗，带喷口和搅拌器支架，用于仪式查万抹茶搅拌碗咖啡和茶具；10月02日前到货；退款保证,US$3-4.50,USD,3,4.50,最低起订量：2 pieces,2,pieces,"Xinxiang Hongqi District Huafeiwu Import And Export Trade Co., Ltd.",2年 / CN,4.7,4.7/5.0 / (153),10月02日前到货 | 退款保证,,False,https://www.alibaba.com/product-detail/Traditional-Ceramic-Matcha-Tea-Bowl-with_1601567749257.html,https://s.alicdn.com/@sc04/kf/H31ca59182d9d432492b9d7d378f643468.jpg_300x300.jpg,2026-09-08T05:39:29.132000+00:00,ceramic tea set,zh-CN
ali-1601588282025,Alibaba.com,茶具,1601588282025,定制徽标仪式用抹茶茶具套装，带木制礼盒，专业7件套竹制搅拌器和陶瓷碗套装,定制徽标仪式用抹茶茶具套装，带木制礼盒，专业7件套竹制搅拌器和陶瓷碗套装；每满 US$100，立减 US$10；无忧退,US$4-7.90,USD,4,7.90,最低起订量：100 sets,100,sets,Yiwu Wangzone E-Commerce Firm,2年 / CN,4.3,4.3/5.0 / (33),每满 US$100，立减 US$10 | 无忧退,,False,https://www.alibaba.com/product-detail/Custom-Logo-Ceremonial-Matcha-Tea-Set_1601588282025.html,https://s.alicdn.com/@sc04/kf/H3d9b02f460c44302b3faf0c80343d9a24.jpg_300x300.jpg,2026-09-08T05:39:29.132000+00:00,ceramic tea set,zh-CN
ali-1601671906932,Alibaba.com,茶具,1601671906932,批发70毫升简约白色陶瓷茶杯套装定制徽标环保商务礼品批量办公用,批发70毫升简约白色陶瓷茶杯套装定制徽标环保商务礼品批量办公用；10月02日前到货；退款保证；复购率 20%,US$0.45-0.90,USD,0.45,0.90,最低起订量：20 pieces,20,pieces,"Chaozhou Jiale Porcelain Co., Ltd.",2年 / CN,4.6,4.6/5.0 / (39),10月02日前到货 | 退款保证 | 复购率 20%,,False,https://www.alibaba.com/product-detail/Wholesale-70ml-Minimalist-White-Ceramic-Porcelain_1601671906932.html,https://s.alicdn.com/@sc04/kf/H489b6ff9c8874e6db1d2294811ef385b0.jpg_300x300.jpg,2026-09-08T05:39:29.132000+00:00,ceramic tea set,zh-CN
ali-1601723929817,Alibaba.com,香薰蜡烛,1601723929817,批发创意石膏罐干花大豆蜡香薰蜡烛豪华手工家居装饰摆件香薰蜡烛,"批发创意石膏罐干花大豆蜡香薰蜡烛豪华手工家居装饰摆件香薰蜡烛；满 US$2,000 立减 5%；无忧退",US$1.30-1.45,USD,1.30,1.45,最低起订量：10 pieces,10,pieces,"Sichuan Hongchen Ruihe Trade Co., Ltd.",6年 / CN,4.9,4.9/5.0 / (53),"满 US$2,000 立减 5% | 无忧退",,False,https://www.alibaba.com/product-detail/Wholesale-Creative-Plaster-Jar-Dried-Flower_1601723929817.html,https://s.alicdn.com/@sc04/kf/Ha6bd3754220e42a785829ea40c710cd3w.jpg_300x300.jpg,2026-09-08T05:39:32.972000+00:00,scented candle,zh-CN
ali-1601787274206,Alibaba.com,香薰蜡烛,1601787274206,冰咖啡香薰蜡烛 - 多层饮料形状香薰蜡烛，适合家居装饰和送礼，市场畅销,"冰咖啡香薰蜡烛 - 多层饮料形状香薰蜡烛，适合家居装饰和送礼，市场畅销；满 US$2,000 立减 5%；无忧退",US$0.30-0.50,USD,0.30,0.50,最低起订量：50 pieces,50,pieces,AQUILUXE BLOOM LIMITED,1年 / HK,4.9,4.9/5.0 / (11),"满 US$2,000 立减 5% | 无忧退",,False,https://www.alibaba.com/product-detail/Iced-Coffee-Aromatherapy-Candle-Layered-Drink_1601787274206.html,https://s.alicdn.com/@sc04/kf/H58c1145b75014b4f9d9deb0d7490a07cl.jpg_300x300.jpg,2026-09-08T05:39:32.972000+00:00,scented candle,zh-CN
ali-1601634047989,Alibaba.com,香薰蜡烛,1601634047989,艾坤定制设计慢燃香薰蜡烛客厅优雅温柔氛围办公室装饰香薰蜡烛,"艾坤定制设计慢燃香薰蜡烛客厅优雅温柔氛围办公室装饰香薰蜡烛；满 US$2,000 立减 5%；无忧退；复购率 15%",US$1.25-1.99,USD,1.25,1.99,最低起订量：100 pieces,100,pieces,"Changchun Ai Kun Technology Co., Ltd.",6年 / CN,4.7,4.7/5.0 / (87),"满 US$2,000 立减 5% | 无忧退 | 复购率 15%",,False,https://www.alibaba.com/product-detail/AIKUN-Custom-Design-Slow-Burning-Scented_1601634047989.html,https://s.alicdn.com/@sc04/kf/H87a3425575e845aaa2a1e46bd33eccb6Y.jpg_300x300.jpg,2026-09-08T05:39:32.972000+00:00,scented candle,zh-CN
ali-1601006963069,Alibaba.com,香薰蜡烛,1601006963069,持久香味手工香味蜡烛可定制标签奢华复古锡香味蜡烛,"持久香味手工香味蜡烛可定制标签奢华复古锡香味蜡烛；满 US$2,000 立减 5%；无忧退",US$0.58-0.89,USD,0.58,0.89,最低起订量：5 pieces,5,pieces,"Molly Chenguang Chengdu Technology Co., Ltd.",4年 / CN,4.5,4.5/5.0 / (405),"满 US$2,000 立减 5% | 无忧退",认证,False,https://www.alibaba.com/product-detail/Long-Lasting-Fragrance-Handmade-Scented-Candles_1601006963069.html,https://s.alicdn.com/@sc04/kf/Hf91efd3f4bb1491caf77965c4191d6a7g.jpg_300x300.jpg,2026-09-08T05:39:32.972000+00:00,scented candle,zh-CN
ali-1601712478222,Alibaba.com,香薰蜡烛,1601712478222,天然植物蜡创意香薰蜡烛，含多种干花精油香氛，家居装饰，婚礼礼品,天然植物蜡创意香薰蜡烛，含多种干花精油香氛，家居装饰，婚礼礼品；无忧退；复购率 16%,US$1.12-1.32,USD,1.12,1.32,最低起订量：10 pieces,10,pieces,"Hangzhou Yannoxi Trading Co., Ltd.",2年 / CN,4.8,4.8/5.0 / (78),无忧退 | 复购率 16%,,False,https://www.alibaba.com/product-detail/Natural-Plant-Wax-Creative-Scented-Candles_1601712478222.html,https://s.alicdn.com/@sc04/kf/He9308ced164a4a1caecbb42e057f03fcT.jpg_300x300.jpg,2026-09-08T05:39:32.972000+00:00,scented candle,zh-CN
ali-1600570236062,Alibaba.com,香薰蜡烛,1600570236062,Mescente Top批发香气芳香手工制作大咖啡私人标签3三灯芯香味蜡婚礼礼品蜡烛,Mescente Top批发香气芳香手工制作大咖啡私人标签3三灯芯香味蜡婚礼礼品蜡烛；复购率 21%,US$1.99,USD,1.99,1.99,最低起订量：300 pieces,300,pieces,"Suzhou M&scent Arts&crafts Co., Ltd.",8年 / CN,4.9,4.9/5.0 / (9),复购率 21%,认证,False,https://www.alibaba.com/product-detail/Mescente-Top-Wholesale-Aroma-Aromatic-Hand_1600570236062.html,https://s.alicdn.com/@sc04/kf/H266b8ff94b9d46b28991a83d9f05ab5aA.jpg_300x300.jpg,2026-09-08T05:39:32.972000+00:00,scented candle,zh-CN
ali-1601639321701,Alibaba.com,香薰蜡烛,1601639321701,LANJO 定制徽标香薰蜡烛自有品牌天然大豆蜡蜡烛批发豪华手工礼品套装适合婚礼家居装饰,"LANJO 定制徽标香薰蜡烛自有品牌天然大豆蜡蜡烛批发豪华手工礼品套装适合婚礼家居装饰；满 US$2,000 立减 5%；无忧退；复购率 18%",US$0.88-1.98,USD,0.88,1.98,最低起订量：50 pieces,50,pieces,"Sichuan Lantu Culture Technology Co., Ltd.",4年 / CN,4.7,4.7/5.0 / (49),"满 US$2,000 立减 5% | 无忧退 | 复购率 18%",认证,False,https://www.alibaba.com/product-detail/LANJO-Custom-Logo-Scented-Candles-Private_1601639321701.html,https://s.alicdn.com/@sc04/kf/Ad2eae41f4a444f56ad8f384cea993513P.png_300x300.png,2026-09-08T05:39:32.972000+00:00,scented candle,zh-CN
ali-1601793226318,Alibaba.com,香薰蜡烛,1601793226318,豪华大豆蜡艺术蜡烛手工制作花卉香薰蜡烛适合婚礼礼品生日礼物毕业礼物家居装饰,豪华大豆蜡艺术蜡烛手工制作花卉香薰蜡烛适合婚礼礼品生日礼物毕业礼物家居装饰；无忧退,US$1.60-1.80,USD,1.60,1.80,最低起订量：50 sets,50,sets,"Shenzhen Wangzhu E-Commerce Co., Ltd.",1年 / CN,4.9,4.9/5.0 / (7),无忧退,认证,False,https://www.alibaba.com/product-detail/Luxury-Soy-Wax-Art-Candle-Handmade_1601793226318.html,https://s.alicdn.com/@sc04/kf/He01b0e3fceb547bc8a3ae0e8df15da8ao.jpg_300x300.jpg,2026-09-08T05:39:32.972000+00:00,scented candle,zh-CN
ali-1601217685279,Alibaba.com,香薰蜡烛,1601217685279,批发可爱手工甜点香味蜡烛食品香气沙漠蜡烛沙漠巧克力香味蜡烛,"批发可爱手工甜点香味蜡烛食品香气沙漠蜡烛沙漠巧克力香味蜡烛；满 US$2,000 立减 5%；无忧退",US$3.25-3.53,USD,3.25,3.53,最低起订量：5 pieces,5,pieces,"Sichuan Jieyuxi Technology Co., Ltd.",5年 / CN,4.9,4.9/5.0 / (30),"满 US$2,000 立减 5% | 无忧退",,False,https://www.alibaba.com/product-detail/Wholesale-Cute-Handmade-Dessert-Scented-Candles_1601217685279.html,https://s.alicdn.com/@sc04/kf/H0331ad91abc84cee8d1dee9f5593a72cA.jpg_300x300.jpg,2026-09-08T05:39:32.972000+00:00,scented candle,zh-CN
ali-1601787413195,Alibaba.com,香薰蜡烛,1601787413195,跨境创意冰咖啡形状香薰蜡烛手工果冻蜡烛家居装饰圣诞生日礼物,"跨境创意冰咖啡形状香薰蜡烛手工果冻蜡烛家居装饰圣诞生日礼物；满 US$2,000 立减 5%；无忧退",US$0.50-0.89,USD,0.50,0.89,最低起订量：30 pieces,30,pieces,"Henan Yaoben Information Technology Co., Ltd.",1年 / CN,4.7,4.7/5.0 / (20),"满 US$2,000 立减 5% | 无忧退",,False,https://www.alibaba.com/product-detail/Crossborder-Creative-Iced-Coffee-Shaped-Scented_1601787413195.html,https://s.alicdn.com/@sc04/kf/Hc9dfe27bce5846a092fc68a02f7b4dc2p.png_300x300.png,2026-09-08T05:39:32.972000+00:00,scented candle,zh-CN
ali-1601832352631,Alibaba.com,香薰扩香,1601832352631,OEM超声波雾化片定制KNN无铅雾化盘，用于香薰机,OEM超声波雾化片定制KNN无铅雾化盘，用于香薰机；无忧退,US$1-5,USD,1,5,"最低起订量：1,000 pieces",1000,pieces,"Jiaxing Mesh Atomization Technology Co., Ltd.",1年 / CN,,,无忧退,,False,https://www.alibaba.com/product-detail/OEM-Ultrasonic-Atomizing-Plate-Custom-Made_1601832352631.html,https://s.alicdn.com/@sc04/kf/Hd59b1607c4b746328572cfa7df2bef99x.png_300x300.png,2026-09-08T05:39:36.509000+00:00,aroma diffuser,zh-CN
ali-1601692758467,Alibaba.com,香薰扩香,1601692758467,格拉斯家用电器无水香薰机金属香薰机智能空气香薰机,格拉斯家用电器无水香薰机金属香薰机智能空气香薰机；复购率 25%,US$26-31,USD,26,31,最低起订量：12 pieces,12,pieces,"Guangdong Grasse Environmental Technology Co., Ltd.",11年 / CN,4.6,4.6/5.0 / (27),复购率 25%,认证,False,https://www.alibaba.com/product-detail/Grasse-Home-Appliances-Waterless-Aroma-Diffuser_1601692758467.html,https://s.alicdn.com/@sc04/kf/H67113b54d6e947289d5aabfa68d0633em.jpg_300x300.jpg,2026-09-08T05:39:36.509000+00:00,aroma diffuser,zh-CN
ali-1601881800661,Alibaba.com,香薰扩香,1601881800661,定制徽标便携式自动香薰机，适用于汽车、酒店，精油空气清新剂喷雾器，可定制功能,定制徽标便携式自动香薰机，适用于汽车、酒店，精油空气清新剂喷雾器，可定制功能；复购率 26%,US$17-20,USD,17,20,最低起订量：2 pieces,2,pieces,Shenzhen Senovat Technology Company Limited,6年 / CN,4.6,4.6/5.0 / (91),复购率 26%,认证,False,https://www.alibaba.com/product-detail/Custom-Logo-Portable-Automatic-Aroma-Diffuser_1601881800661.html,https://s.alicdn.com/@sc04/kf/Hf7cebe870f804d3a85a235b18700ea9bP.png_300x300.png,2026-09-08T05:39:36.509000+00:00,aroma diffuser,zh-CN
ali-1601922431491,Alibaba.com,香薰扩香,1601922431491,定制实木香薰机盖子定制香油瓶木盖环保家居香氛配件,定制实木香薰机盖子定制香油瓶木盖环保家居香氛配件；无忧退；复购率 25%,US$0.50,USD,0.50,0.50,"最低起订量：1,000 pieces",1000,pieces,"Cao County Hanruixiang Home Furnishings Co., Ltd.",2年 / CN,4.9,4.9/5.0 / (20),无忧退 | 复购率 25%,认证,False,https://www.alibaba.com/product-detail/Custom-Solid-Wood-Aromatherapy-Diffuser-Lid_1601922431491.html,https://s.alicdn.com/@sc04/kf/H6ca6416b811c468491fa4163a603a8efn.png_300x300.png,2026-09-08T05:39:36.509000+00:00,aroma diffuser,zh-CN
ali-1601809901142,Alibaba.com,香薰扩香,1601809901142,XFS DF30B12H-4 直流静音支架风扇 5V 12V 24V 家用香薰机散热器,XFS DF30B12H-4 直流静音支架风扇 5V 12V 24V 家用香薰机散热器；1 年质保,US$2.15-2.50,USD,2.15,2.50,最低起订量：1 piece,1,piece,"Shenzhen Yifengshun Technology Co., Ltd.",1年 / CN,,,1 年质保,,False,https://www.alibaba.com/product-detail/XFS-DF30B12H-4-DC-Quiet-Bracket_1601809901142.html,https://s.alicdn.com/@sc04/kf/H18c41bfc162f41acb056467d0be51d01M.png_300x300.png,2026-09-08T05:39:36.509000+00:00,aroma diffuser,zh-CN
ali-1601698962507,Alibaba.com,香薰扩香,1601698962507,高性能豪华香薰油扩散器 耐用型遥控香薰机 香薰机,高性能豪华香薰油扩散器 耐用型遥控香薰机 香薰机；12月07日前到货；复购率 15%,US$16.50,USD,16.50,16.50,最低起订量：1 piece,1,piece,"Shenzhen Siweiyi Technology Co., Ltd.",7年 / CN,4.6,4.6/5.0 / (161),12月07日前到货 | 复购率 15%,认证,False,https://www.alibaba.com/product-detail/High-Performance-Luxury-Aromatherapy-Oil-Diffusers_1601698962507.html,https://s.alicdn.com/@sc04/kf/H0b357ae9a7814e2982319d31d5447aceV.png_300x300.png,2026-09-08T05:39:36.509000+00:00,aroma diffuser,zh-CN
ali-1601052835079,Alibaba.com,香薰扩香,1601052835079,批发家用酒店客房豪华智能电动芳香冷空气芳香无水精油香味塔扩散器机,批发家用酒店客房豪华智能电动芳香冷空气芳香无水精油香味塔扩散器机；11月12日前到货；复购率 16%,US$28.88,USD,28.88,28.88,最低起订量：2 pieces,2,pieces,"Shenzhen Dazhi Technology Co., Ltd.",7年 / CN,4.7,4.7/5.0 / (145),11月12日前到货 | 复购率 16%,认证,False,https://www.alibaba.com/product-detail/Wholesale-Home-Hotel-Room-Luxury-Smart_1601052835079.html,https://s.alicdn.com/@sc04/kf/Habe4e62971e64420b7df7766848cfa3a9.jpg_300x300.jpg,2026-09-08T05:39:36.509000+00:00,aroma diffuser,zh-CN
ali-1601655652941,Alibaba.com,香薰扩香,1601655652941,香薰机静音蓝牙气味芳香扩散器散在豪华芳香专业商业香薰气味,香薰机静音蓝牙气味芳香扩散器散在豪华芳香专业商业香薰气味；复购率 26%,US$39-49,USD,39,49,最低起订量：1 unit,1,unit,Guangdong Crearoma Scent Tech Limited,2年 / CN,4.9,4.9/5.0 / (44),复购率 26%,认证,False,https://www.alibaba.com/product-detail/Fragrance-Machine-Silent-bluetooth-Smell-Aroma_1601655652941.html,https://s.alicdn.com/@sc04/kf/H6387a8dd5b1f4a6dbf6383ceb355d52f0.png_300x300.png,2026-09-08T05:39:36.509000+00:00,aroma diffuser,zh-CN
ali-1600619315273,Alibaba.com,香薰扩香,1600619315273,HC-A1000中国电动香薰机800毫升智能香薰机精油香薰机WIFI 4g,HC-A1000中国电动香薰机800毫升智能香薰机精油香薰机WIFI 4g；12月07日前到货；复购率 26%,US$72,USD,72,72,最低起订量：1 piece,1,piece,Shenzhen Senovat Technology Company Limited,6年 / CN,4.6,4.6/5.0 / (91),12月07日前到货 | 复购率 26%,认证,False,https://www.alibaba.com/product-detail/HC-A1000-China-Electric-Aroma-Diffuser_1600619315273.html,https://s.alicdn.com/@sc04/kf/H7417c27236a24666b6773390519caed9z.jpg_300x300.jpg,2026-09-08T05:39:36.509000+00:00,aroma diffuser,zh-CN
ali-60041054742,Alibaba.com,香薰扩香,60041054742,250毫升无线小型暖通空调香味香味输送系统商用空气香味扩散器机商用香味扩散器,250毫升无线小型暖通空调香味香味输送系统商用空气香味扩散器机商用香味扩散器；复购率 26%,US$45,USD,45,45,最低起订量：10 pieces,10,pieces,"Shenzhen Maxwin Industrial Co., Ltd.",13年 / CN,5.0,5.0/5.0 / (27),复购率 26%,认证,False,https://www.alibaba.com/product-detail/250ml-Wireless-Small-HVAC-Scent-Aroma_60041054742.html,https://s.alicdn.com/@sc04/kf/H8f70e912ee7c4219af535a1f90c3bbc7S.jpg_300x300.jpg,2026-09-08T05:39:36.509000+00:00,aroma diffuser,zh-CN
ali-1601617846699,Alibaba.com,瑜伽用品,1601617846699,盛德批发高品质环保可折叠儿童防滑双面旅行健身锻炼时尚TPE瑜伽垫,盛德批发高品质环保可折叠儿童防滑双面旅行健身锻炼时尚TPE瑜伽垫；复购率 24%,US$2.80-2.90,USD,2.80,2.90,最低起订量：100 pieces,100,pieces,"Fuqing Shengde Ruibo Technology Co., Ltd.",3年 / CN,4.5,4.5/5.0 / (16),复购率 24%,,False,https://www.alibaba.com/product-detail/SHENGDE-Wholesale-High-Quality-Eco-Friendly_1601617846699.html,https://s.alicdn.com/@sc04/kf/H9783cf64e5af453f8bc3c3925cfb28f3I.jpg_300x300.jpg,2026-09-08T05:39:52.899000+00:00,yoga mat,zh-CN
ali-1601675519648,Alibaba.com,瑜伽用品,1601675519648,DIY户外聚酯再生橡胶空白热升华垫,DIY户外聚酯再生橡胶空白热升华垫；复购率 42%,US$3.90-9.90,USD,3.90,9.90,最低起订量：300 pieces,300,pieces,Coco Hill Limited,1年 / HK,4.9,4.9/5.0 / (10),复购率 42%,,False,https://www.alibaba.com/product-detail/DIY-Outdoor-Polyester-Recycled-Rubber-Blank_1601675519648.html,https://s.alicdn.com/@sc04/kf/H0602795862254303b4d40689099f1313k.jpg_300x300.jpg,2026-09-08T05:39:52.899000+00:00,yoga mat,zh-CN
ali-1601840641052,Alibaba.com,瑜伽用品,1601840641052,[软质软木瑜伽垫] 加宽加厚天然橡胶 183 厘米 5 毫米 长方形 3 公斤 激光雕刻徽标 印有姿势对准线,[软质软木瑜伽垫] 加宽加厚天然橡胶 183 厘米 5 毫米 长方形 3 公斤 激光雕刻徽标 印有姿势对准线；无忧退,US$14.09-16.09,USD,14.09,16.09,最低起订量：50 pieces,50,pieces,"Sichuan Trust & Harmony Prime-Create Environmental Art Engineering Co., Ltd.",1年 / CN,,,无忧退,,False,https://www.alibaba.com/product-detail/-Soft-Cork-Yoga-Mat-Wider_1601840641052.html,https://s.alicdn.com/@sc04/kf/H6f1b90e2fd474a86b7a3f2385048d0a1l.png_300x300.png,2026-09-08T05:39:52.899000+00:00,yoga mat,zh-CN
ali-1601248304591,Alibaba.com,瑜伽用品,1601248304591,高密度软木瑜伽块 防滑环保 可定制徽标 OEM 低起订量,"高密度软木瑜伽块 防滑环保 可定制徽标 OEM 低起订量；满 US$2,000 立减 5%；复购率 34%",US$1.50-4.07,USD,1.50,4.07,最低起订量：50 pieces,50,pieces,"Xi 'an Tianlei Rubber Technology Co., Ltd.",6年 / CN,4.8,4.8/5.0 / (39),"满 US$2,000 立减 5% | 复购率 34%",,False,https://www.alibaba.com/product-detail/High-Density-Cork-Yoga-Block-Non_1601248304591.html,https://s.alicdn.com/@sc04/kf/H86446b72c4134258bbfc0cb7ea670d0aT.jpg_300x300.jpg,2026-09-08T05:39:52.899000+00:00,yoga mat,zh-CN
ali-1601682682153,Alibaba.com,瑜伽用品,1601682682153,条纹设计刺绣您自己的品牌彩色防滑健身厚底防滑女式普拉提棉质圆领瑜伽袜,条纹设计刺绣您自己的品牌彩色防滑健身厚底防滑女式普拉提棉质圆领瑜伽袜；复购率 21%,US$0.39-1.24,USD,0.39,1.24,最低起订量：30 pairs,30,pairs,"Zhuji Hetuo Knitted Co., Ltd.",1年 / CN,5.0,5.0/5.0 / (17),复购率 21%,认证,False,https://www.alibaba.com/product-detail/Striped-Design-Embroidery-Your-Own-Brand_1601682682153.html,https://s.alicdn.com/@sc04/kf/H65199d6b10c64db986b21b341f5d8aefI.png_300x300.png,2026-09-08T05:39:52.899000+00:00,yoga mat,zh-CN
ali-1601924096478,Alibaba.com,瑜伽用品,1601924096478,Glacier 定制徽标防滑硅胶握力袜霜白色瑜伽赤脚女式高品质低起订量OEM批发普拉提袜,"Glacier 定制徽标防滑硅胶握力袜霜白色瑜伽赤脚女式高品质低起订量OEM批发普拉提袜；满 US$2,000 立减 5%；无忧退；复购率 18%",US$0.99-1.69,USD,0.99,1.69,最低起订量：100 pairs,100,pairs,"JIAXING ALLIANCE INTERNATIONAL TRADE CO.,LTD.",2年 / CN,4.9,4.9/5.0 / (28),"满 US$2,000 立减 5% | 无忧退 | 复购率 18%",,False,https://www.alibaba.com/product-detail/Glacier-Custom-Logo-Anti-Slip-Silicone_1601924096478.html,https://s.alicdn.com/@sc04/kf/Hf18d55800260416192b9fa3a6cd693e9Q.png_300x300.png,2026-09-08T05:39:52.899000+00:00,yoga mat,zh-CN
ali-1601775947875,Alibaba.com,瑜伽用品,1601775947875,批发女式定制徽标透气棉质防滑瑜伽袜防滑健身个性化普拉提袜,批发女式定制徽标透气棉质防滑瑜伽袜防滑健身个性化普拉提袜；复购率 20%,US$0.60-2.10,USD,0.60,2.10,最低起订量：100 pairs,100,pairs,"Zhuji Qihang Knitting Co., Ltd.",3年 / CN,4.8,4.8/5.0 / (18),复购率 20%,认证,False,https://www.alibaba.com/product-detail/Wholesale-Women-Custom-Logo-Breathable-Cotton_1601775947875.html,https://s.alicdn.com/@sc04/kf/Hcb435d0f742245c8a8966af8d354e110s.png_300x300.png,2026-09-08T05:39:52.899000+00:00,yoga mat,zh-CN
ali-1601237448887,Alibaba.com,瑜伽用品,1601237448887,Dropshipping tpe瑜伽马特瑜伽运动健身房瑜伽防滑定制标志紫外线印花环保双层Tpe瑜伽垫,Dropshipping tpe瑜伽马特瑜伽运动健身房瑜伽防滑定制标志紫外线印花环保双层Tpe瑜伽垫；无忧退；复购率 18%,US$2.70-2.99,USD,2.70,2.99,最低起订量：2 pieces,2,pieces,"Ningbo Boga Sports Goods Co., Ltd.",5年 / CN,4.7,4.7/5.0 / (37),无忧退 | 复购率 18%,,False,https://www.alibaba.com/product-detail/Dropshipping-Tpe-Yoga-Matt-De-Yoga_1601237448887.html,https://s.alicdn.com/@sc04/kf/H4172f7310ae04cf2ad4a8d4b13e0df92s.jpg_300x300.jpg,2026-09-08T05:39:52.899000+00:00,yoga mat,zh-CN
ali-1600479718505,Alibaba.com,瑜伽用品,1600479718505,定制印花瑜伽垫环保运动哑光自有品牌防滑瑜伽垫8毫米,"定制印花瑜伽垫环保运动哑光自有品牌防滑瑜伽垫8毫米；满 US$2,000 立减 5%；无忧退；复购率 19%",US$1.80-2.35,USD,1.80,2.35,最低起订量：5 pieces,5,pieces,"Henan Lifeng Yuedong Sports Goods Co., Ltd.",14年 / CN,4.7,4.7/5.0 / (37),"满 US$2,000 立减 5% | 无忧退 | 复购率 19%",认证,False,https://www.alibaba.com/product-detail/Custom-Print-Yoga-Mats-Eco-Friendly_1600479718505.html,https://s.alicdn.com/@sc04/kf/He40b4c2eefbd494ba93b13194e12550bW.jpg_300x300.jpg,2026-09-08T05:39:52.899000+00:00,yoga mat,zh-CN
ali-60698431445,Alibaba.com,瑜伽用品,60698431445,优质高品质1/2英寸定制标志印花环保耐用旅行防滑长黑色健身房丁腈橡胶厚瑜伽垫,优质高品质1/2英寸定制标志印花环保耐用旅行防滑长黑色健身房丁腈橡胶厚瑜伽垫；复购率 18%,US$2.20-2.95,USD,2.20,2.95,"最低起订量：1,000 pieces",1000,pieces,"Fuqing Shengde Plastic & Rubber Products Co., Ltd.",18年 / CN,5.0,5.0/5.0 / (3),复购率 18%,,False,https://www.alibaba.com/product-detail/Premium-High-Quality-1-2-Inch_60698431445.html,https://s.alicdn.com/@sc04/kf/H1a329066a01c4cf091dc1034b17e7320l.jpg_300x300.jpg,2026-09-08T05:39:52.899000+00:00,yoga mat,zh-CN
ali-1601644929490,Alibaba.com,冥想用品,1601644929490,人体工学冥想坐垫 精神冥想 retreat 记忆海绵 舒适支撑普拉提瑜伽软靠背坐垫 座垫 Zafu 垫,人体工学冥想坐垫 精神冥想 retreat 记忆海绵 舒适支撑普拉提瑜伽软靠背坐垫 座垫 Zafu 垫；180 天内底价；11月12日前到货；无忧退,US$26.10,USD,26.10,26.10,最低起订量：1 piece,1,piece,"Hunan Sanmo Sports Goods Co., Ltd.",3年 / CN,4.9,4.9/5.0 / (104),180 天内底价 | 11月12日前到货 | 无忧退,,False,https://www.alibaba.com/product-detail/Ergonomic-Meditation-Cushion-Mindful-Retreat-Memory_1601644929490.html,https://s.alicdn.com/@sc04/kf/Hac6a1d15833e4bd0b819bf8014e44496c.jpg_300x300.jpg,2026-09-08T05:39:56.737000+00:00,meditation cushion,zh-CN
ali-1601237307319,Alibaba.com,冥想用品,1601237307319,热卖定制标志环保矩形瑜伽垫可拆卸冥想枕头按摩你的酸奶练习,热卖定制标志环保矩形瑜伽垫可拆卸冥想枕头按摩你的酸奶练习；无忧退；复购率 18%,US$5.80-6.50,USD,5.80,6.50,最低起订量：4 pieces,4,pieces,"Ningbo Boga Sports Goods Co., Ltd.",5年 / CN,4.7,4.7/5.0 / (37),无忧退 | 复购率 18%,,False,https://www.alibaba.com/product-detail/Hot-Selling-Custom-Logo-Eco-Friendly_1601237307319.html,https://s.alicdn.com/@sc04/kf/Hd15412d16cdb4c8eb8dfdf9e4160fb46A.jpg_300x300.jpg,2026-09-08T05:39:56.737000+00:00,meditation cushion,zh-CN
ali-1601870671104,Alibaba.com,冥想用品,1601870671104,厚实的冥想坐垫 EPE 棉质环保可水洗便携式坐垫，适合瑜伽普拉提运动,厚实的冥想坐垫 EPE 棉质环保可水洗便携式坐垫，适合瑜伽普拉提运动；无忧退,US$2.50-4,USD,2.50,4,最低起订量：4 pieces,4,pieces,Changsha Yuhua District Yangyuan Porcelain Daily Necessities Museum (sole Proprietorship),1年 / CN,4.6,4.6/5.0 / (1),无忧退,,False,https://www.alibaba.com/product-detail/Thick-Meditation-Cushion-EPE-Cotton-Eco_1601870671104.html,https://s.alicdn.com/@sc04/kf/H5c77135d3c0149ccbacd94d16f0be726Z.jpg_300x300.jpg,2026-09-08T05:39:56.737000+00:00,meditation cushion,zh-CN
ali-1600916339839,Alibaba.com,冥想用品,1600916339839,新月冥想垫-半月形瑜伽枕; 有机棉Zafu冥想垫，填充荞麦皮,新月冥想垫-半月形瑜伽枕; 有机棉Zafu冥想垫，填充荞麦皮；11月14日前到货；复购率 36%,US$10,USD,10,10,最低起订量：2 pieces,2,pieces,"Hubei Dm Eco-Friendly Material Co., Ltd.",8年 / CN,4.7,4.7/5.0 / (12),11月14日前到货 | 复购率 36%,,False,https://www.alibaba.com/product-detail/Crescent-Meditation-Cushion-Half-Moon-Yoga_1600916339839.html,https://s.alicdn.com/@sc04/kf/A6fff898b7c79449aab49f5c93ba6d57bg.jpg_300x300.jpg,2026-09-08T05:39:56.737000+00:00,meditation cushion,zh-CN
ali-1601941751996,Alibaba.com,冥想用品,1601941751996,CNseeu 热销月牙形瑜伽普拉提冥想垫荞麦枕可水洗可拆卸棉质成人定制徽标尺寸 L,CNseeu 热销月牙形瑜伽普拉提冥想垫荞麦枕可水洗可拆卸棉质成人定制徽标尺寸 L；无忧退；复购率 50%,US$7.10-8.23,USD,7.10,8.23,最低起订量：100 pieces,100,pieces,Cixi Changhe Hengyue Plastic Electrical Appliance Factory,16年 / CN,,,无忧退 | 复购率 50%,,False,https://www.alibaba.com/product-detail/CNseeu-Hot-Sale-Crescent-Yoga-Pilates_1601941751996.html,https://s.alicdn.com/@sc04/kf/H53b6300710c846afabd19f870340e782K.jpg_300x300.jpg,2026-09-08T05:39:56.737000+00:00,meditation cushion,zh-CN
ali-1601624175190,Alibaba.com,冥想用品,1601624175190,粉色矩形环保瑜伽枕产前恢复性冥想垫,粉色矩形环保瑜伽枕产前恢复性冥想垫；无忧退；复购率 25%,US$8.24,USD,8.24,8.24,最低起订量：10 pieces,10,pieces,"Hebei Jianlin Sports Equipment Manufacturing Co., Ltd",3年 / CN,3.6,3.6/5.0 / (11),无忧退 | 复购率 25%,认证,False,https://www.alibaba.com/product-detail/Pink-Rectangular-Eco-Friendly-Yoga-Bolster_1601624175190.html,https://s.alicdn.com/@sc04/kf/H27e59d62ae794e94a6ce3e7f40d1e426w.jpg_300x300.jpg,2026-09-08T05:39:56.737000+00:00,meditation cushion,zh-CN
ali-1601051874496,Alibaba.com,冥想用品,1601051874496,31厘米直径13厘米高机洗盖冥想座椅圆形瑜伽枕垫带靠枕,31厘米直径13厘米高机洗盖冥想座椅圆形瑜伽枕垫带靠枕；11月14日前到货；复购率 15%,US$6.99,USD,6.99,6.99,最低起订量：200 pieces,200,pieces,"Suzhou One Two Three Sports Goods Co., Ltd.",10年 / CN,4.5,4.5/5.0 / (23),11月14日前到货 | 复购率 15%,,False,https://www.alibaba.com/product-detail/31Cm-Diameter-13Cm-High-Machine-Washable_1601051874496.html,https://s.alicdn.com/@sc04/kf/Hee5296c5dc5a4cb59c58798b004ce7deT.jpg_300x300.jpg,2026-09-08T05:39:56.737000+00:00,meditation cushion,zh-CN
ali-1600450875246,Alibaba.com,冥想用品,1600450875246,批发自有品牌疗愈坐垫荞麦8厘米厚方形天鹅绒瑜伽冥想枕垫套装定制徽标,批发自有品牌疗愈坐垫荞麦8厘米厚方形天鹅绒瑜伽冥想枕垫套装定制徽标；11月02日前到货；复购率 17%,US$18.40,USD,18.40,18.40,最低起订量：50 pieces,50,pieces,"He'nan Yeway Industrial Development Co., Ltd.",6年 / CN,4.8,4.8/5.0 / (23),11月02日前到货 | 复购率 17%,,False,https://www.alibaba.com/product-detail/Wholesale-Private-Label-Healing-Zafu-Buckwheat_1600450875246.html,https://s.alicdn.com/@sc04/kf/H3f91c22e5191428ca8d6cf46e00b0c02f.jpg_300x300.jpg,2026-09-08T05:39:56.737000+00:00,meditation cushion,zh-CN
ali-1601274902500,Alibaba.com,冥想用品,1601274902500,高品质棉麻矩形瑜伽枕垫耐用的冥想和瑜伽练习垫,高品质棉麻矩形瑜伽枕垫耐用的冥想和瑜伽练习垫；无忧退,US$4.69-5.99,USD,4.69,5.99,最低起订量：50 pieces,50,pieces,"Hubei Welllead Sport Products Co., Ltd.",3年 / CN,4.8,4.8/5.0 / (43),无忧退,,False,https://www.alibaba.com/product-detail/High-Quality-Cotton-and-Linen-Rectangular_1601274902500.html,https://s.alicdn.com/@sc04/kf/H680fa8816f3a41f09f1685653ec68d97J.jpg_300x300.jpg,2026-09-08T05:39:56.737000+00:00,meditation cushion,zh-CN
ali-1601941311381,Alibaba.com,冥想用品,1601941311381,CZFIT 可定制环保弹性PP棉填充冥想坐垫，适用于瑜伽腰枕和坐垫,CZFIT 可定制环保弹性PP棉填充冥想坐垫，适用于瑜伽腰枕和坐垫；11月12日前到货；无忧退,US$8.45,USD,8.45,8.45,最低起订量：2 pieces,2,pieces,"Jinhua Jianman Import & Export Co., Ltd.",1年 / CN,,,11月12日前到货 | 无忧退,,False,https://www.alibaba.com/product-detail/CZFIT-Customizable-Eco-Friendly-Resilience-PP_1601941311381.html,https://s.alicdn.com/@sc04/kf/Hf1274faf256742db9088f4b2bea8b5a0P.jpg_300x300.jpg,2026-09-08T05:39:56.737000+00:00,meditation cushion,zh-CN
ali-1601507784945,Alibaba.com,美容工具,1601507784945,刮莎美容护肤工具定制标志环保优质金属面部颈部按摩礼品女性面部抗衰老,刮莎美容护肤工具定制标志环保优质金属面部颈部按摩礼品女性面部抗衰老；无忧退；复购率 24%,US$1.55-3,USD,1.55,3,最低起订量：100 pieces,100,pieces,"Dongguan Fung Hing Hardware Products Co., Ltd.",9年 / CN,5.0,5.0/5.0 / (13),无忧退 | 复购率 24%,,False,https://www.alibaba.com/product-detail/Gua-Sha-Beauty-Skincare-Tool-Custom_1601507784945.html,https://s.alicdn.com/@sc04/kf/H8c7757ed4cbb48ef9e01f631a3bfb173Y.jpg_300x300.jpg,2026-09-08T05:40:00.170000+00:00,skincare beauty tool,zh-CN
ali-1601828546535,Alibaba.com,美容工具,1601828546535,压电皮肤刮板 深层清洁超声波 PZT 美容刮板 用于皮肤护理,压电皮肤刮板 深层清洁超声波 PZT 美容刮板 用于皮肤护理；无忧退,US$2.50-3.50,USD,2.50,3.50,最低起订量：10 pieces,10,pieces,"Jiaxing Mesh Atomization Technology Co., Ltd.",1年 / CN,,,无忧退,,False,https://www.alibaba.com/product-detail/Piezoelectric-Skin-Spatula-Deep-Cleansing-Ultrasonic_1601828546535.html,https://s.alicdn.com/@sc04/kf/H76d90d91446e429996b02f80beacabc6d.jpg_300x300.jpg,2026-09-08T05:40:00.170000+00:00,skincare beauty tool,zh-CN
ali-1601727577718,Alibaba.com,美容工具,1601727577718,工厂批发24-410尺寸卸妆液分配器面部清洁护理按压式上下移动可定制颜色,工厂批发24-410尺寸卸妆液分配器面部清洁护理按压式上下移动可定制颜色；无忧退,US$0.17-0.19,USD,0.17,0.19,"最低起订量：10,000 pieces",10000,pieces,"Yuyao Jingbei Plastic Industry Co., Ltd.",1年 / CN,,,无忧退,,False,https://www.alibaba.com/product-detail/Factory-Wholesale-24-410-Size-Make_1601727577718.html,https://s.alicdn.com/@sc04/kf/Hb5ef88e3fff94df0bb8e283c4eddd4e1F.jpg_300x300.jpg,2026-09-08T05:40:00.170000+00:00,skincare beauty tool,zh-CN
ali-1601716655504,Alibaba.com,美容工具,1601716655504,厂家直供婴儿6D纳米微晶注射器手动按压水光头SJ/DMT-J5面部护理仪,厂家直供婴儿6D纳米微晶注射器手动按压水光头SJ/DMT-J5面部护理仪；无忧退；复购率 18%,US$1-1.50,USD,1,1.50,最低起订量：100 pieces,100,pieces,"Guangzhou Shujianweilai Biotech Co., Ltd.,",1年 / CN,5.0,5.0/5.0 / (5),无忧退 | 复购率 18%,,False,https://www.alibaba.com/product-detail/Factory-Direct-Supply-Baby-6D-Nano_1601716655504.html,https://s.alicdn.com/@sc04/kf/H27066c33358c48beaa68fe1ba4c9f248I.png_300x300.png,2026-09-08T05:40:00.170000+00:00,skincare beauty tool,zh-CN
ali-1601875181355,Alibaba.com,美容工具,1601875181355,除皱嫩肤紧致抗衰老美容设备适用于诊所10600nm CO2点阵激光机,"除皱嫩肤紧致抗衰老美容设备适用于诊所10600nm CO2点阵激光机；满 US$2,000 立减 5%；复购率 23%","US$3,698-4,598",USD,3698,4598,最低起订量：1 piece,1,piece,"Haidari Beauty Technology (beijing) Co., Ltd.",7年 / CN,3.8,3.8/5.0 / (31),"满 US$2,000 立减 5% | 复购率 23%",认证,False,https://www.alibaba.com/product-detail/Wrinkle-Removal-Skin-Rejuvenation-Tightening-Anti_1601875181355.html,https://s.alicdn.com/@sc04/kf/H9373e8c599104da0b4d360767d7ae2c4K.jpg_300x300.jpg,2026-09-08T05:40:00.170000+00:00,skincare beauty tool,zh-CN
ali-1600232188059,Alibaba.com,美容工具,1600232188059,环保女性面部修眉工具修眉天然麦草可生物降解眉毛剃须刀和面部剃须刀,环保女性面部修眉工具修眉天然麦草可生物降解眉毛剃须刀和面部剃须刀；180 天内底价；11月12日前到货；复购率 100%,US$0.19,USD,0.19,0.19,最低起订量：20 pieces,20,pieces,"NANJING RUIYI INTERNATIONAL TRADING CO., LTD.",6年 / CN,,,180 天内底价 | 11月12日前到货 | 复购率 100%,,False,https://www.alibaba.com/product-detail/Eco-friendly-Women-Facial-Eyebrow-Trimmer_1600232188059.html,https://s.alicdn.com/@sc04/kf/H61c5bc0eae5f4ffda38746b6cb86ca0eU.jpg_300x300.jpg,2026-09-08T05:40:00.170000+00:00,skincare beauty tool,zh-CN
ali-1601873924203,Alibaba.com,美容工具,1601873924203,2026年热销工厂定制徽标50毫米PBL 150至250毫升翻盖式化妆品足部磨砂膏洁面乳护肤护手霜,2026年热销工厂定制徽标50毫米PBL 150至250毫升翻盖式化妆品足部磨砂膏洁面乳护肤护手霜,US$0.19-0.30,USD,0.19,0.30,"最低起订量：5,000 pieces",5000,pieces,"Hangzhou Zhenheng Packaging Material Co., Ltd.",1年 / CN,,,,,False,https://www.alibaba.com/product-detail/2026-Hot-Sale-Factory-Custom-Logo_1601873924203.html,https://s.alicdn.com/@sc04/kf/H07fc4f77cffb4b74ba80ab7072a08e60s.png_300x300.png,2026-09-08T05:40:00.170000+00:00,skincare beauty tool,zh-CN
ali-1601217014237,Alibaba.com,美容工具,1601217014237,美容工具仪器抗衰老面部和颈部提升美容护肤工具家用除皱工具,美容工具仪器抗衰老面部和颈部提升美容护肤工具家用除皱工具；180 天内底价；11月14日前到货；复购率 18%,US$1.73,USD,1.73,1.73,最低起订量：10 pieces,10,pieces,"Guangzhou Megalo Technology Co., Ltd.",6年 / CN,4.8,4.8/5.0 / (168),180 天内底价 | 11月14日前到货 | 复购率 18%,,False,https://www.alibaba.com/product-detail/Beauty-Tools-Instrument-Anti-Aging-Face_1601217014237.html,https://s.alicdn.com/@sc04/kf/Ha205743090374f26bf4985961135c8cdu.jpg_300x300.jpg,2026-09-08T05:40:00.170000+00:00,skincare beauty tool,zh-CN
ali-1601560821448,Alibaba.com,美容工具,1601560821448,流行趋势 420 不锈钢刮痧工具 光滑边缘面部按摩器 适合家庭水疗放松塑形护肤美容,流行趋势 420 不锈钢刮痧工具 光滑边缘面部按摩器 适合家庭水疗放松塑形护肤美容；180 天内底价；9月25日前到货；退款保证；复购率 15%,US$0.70,USD,0.70,0.70,最低起订量：2 pieces,2,pieces,"Yangjiang Aokyee Industry & Trading Co., Ltd.",5年 / CN,4.8,4.8/5.0 / (75),180 天内底价 | 9月25日前到货 | 退款保证 | 复购率 15%,,False,https://www.alibaba.com/product-detail/Trending-420-Stainless-Steel-Gua-Sha_1601560821448.html,https://s.alicdn.com/@sc04/kf/He9e0c80458e2480c99b2fc517e38a7b4r.jpg_300x300.jpg,2026-09-08T05:40:00.170000+00:00,skincare beauty tool,zh-CN
ali-1601872452969,Alibaba.com,美容工具,1601872452969,顶级工厂品质面部水疗水力磨皮机水力美容氧气喷射面部磨皮机,顶级工厂品质面部水疗水力磨皮机水力美容氧气喷射面部磨皮机；7日达；无忧退；复购率 21%,US$170,USD,170,170,最低起订量：1 piece,1,piece,"Guangzhou Amili Beauty Technology Co., Ltd.",5年 / CN,4.6,4.6/5.0 / (331),7日达 | 无忧退 | 复购率 21%,,False,https://www.alibaba.com/product-detail/Top-Factory-Quality-Facial-Spa-Hydrodermabrasion_1601872452969.html,https://s.alicdn.com/@sc04/kf/Hed814af9976b4aecb1bbe459cd5598d2L.jpg_300x300.jpg,2026-09-08T05:40:00.170000+00:00,skincare beauty tool,zh-CN
ali-1600288383756,Alibaba.com,发饰,1600288383756,扎实运动头带女时尚松紧带跑步健身瑜伽头饰女弹力洗妆发饰,"扎实运动头带女时尚松紧带跑步健身瑜伽头饰女弹力洗妆发饰；满 US$2,000 立减 5%；无忧退",US$0.14-0.20,USD,0.14,0.20,最低起订量：12 pieces,12,pieces,Dongyang Yilibei Hair Accessory Factory,12年 / CN,4.8,4.8/5.0 / (78),"满 US$2,000 立减 5% | 无忧退",,False,https://www.alibaba.com/product-detail/Solid-Sports-Headband-Women-Fashion-Elastic_1600288383756.html,https://s.alicdn.com/@sc04/kf/Hdb3c3bbc351d4fb6a7e85355c19dbd439.jpg_300x300.jpg,2026-09-08T05:40:04.010000+00:00,hair accessories women,zh-CN
ali-1601624751492,Alibaba.com,发饰,1601624751492,圆点弹力头带运动健身瑜伽发带女式时尚化妆日常头饰发饰带定制徽标,圆点弹力头带运动健身瑜伽发带女式时尚化妆日常头饰发饰带定制徽标；180 天内底价；10月02日前到货；无忧退,US$0.44,USD,0.44,0.44,最低起订量：10 pieces,10,pieces,"Yiwu Lan Hui E-Commerce Co., Ltd.",1年 / CN,4.8,4.8/5.0 / (28),180 天内底价 | 10月02日前到货 | 无忧退,,False,https://www.alibaba.com/product-detail/Polka-Dot-Elastic-Headbands-Sports-Gym_1601624751492.html,https://s.alicdn.com/@sc04/kf/H79b3a6f332904a719c4fc15316492216b.jpg_300x300.jpg,2026-09-08T05:40:04.010000+00:00,hair accessories women,zh-CN
ali-1601177456764,Alibaba.com,发饰,1601177456764,真丝发带橡胶头带弹性发带女发饰缎子丝绸发带花朵头饰,真丝发带橡胶头带弹性发带女发饰缎子丝绸发带花朵头饰；180 天内底价；10月02日前到货；退款保证；复购率 15%,US$0.88,USD,0.88,0.88,最低起订量：2 pieces,2,pieces,"Suzhou Encong Home Textile Co., Ltd.",8年 / CN,4.7,4.7/5.0 / (35),180 天内底价 | 10月02日前到货 | 退款保证 | 复购率 15%,认证,False,https://www.alibaba.com/product-detail/Silk-Scrunchies-Rubber-Head-Bands-Elastic_1601177456764.html,https://s.alicdn.com/@sc04/kf/H6b55c2f591234b928423f60b5ee49f80U.jpg_300x300.jpg,2026-09-08T05:40:04.010000+00:00,hair accessories women,zh-CN
ali-1601790945741,Alibaba.com,发饰,1601790945741,批发畅销弹力瑜伽运动头带运动棉质发带跑步运动弹力防滑吸汗带,批发畅销弹力瑜伽运动头带运动棉质发带跑步运动弹力防滑吸汗带；无忧退；复购率 27%,US$1.40-1.63,USD,1.40,1.63,最低起订量：10 pieces,10,pieces,"Hefei Wotaike Intelligent Technology Co., Ltd.",1年 / CN,4.8,4.8/5.0 / (61),无忧退 | 复购率 27%,,False,https://www.alibaba.com/product-detail/Wholesale-Top-Ranking-Elastic-Yoga-Sport_1601790945741.html,https://s.alicdn.com/@sc04/kf/H851681ac428c48f0bca181796bb8cdc2h.png_300x300.png,2026-09-08T05:40:04.010000+00:00,hair accessories women,zh-CN
ali-1601677283041,Alibaba.com,发饰,1601677283041,纯色高弹力发带，适用于瑜伽运动、发饰、时尚配饰、吸汗发带定制,纯色高弹力发带，适用于瑜伽运动、发饰、时尚配饰、吸汗发带定制；10月02日前到货；退款保证；复购率 21%,US$0.36,USD,0.36,0.36,最低起订量：60 pieces,60,pieces,"Hangzhou Dongdong Accessories Co., Ltd.",1年 / CN,4.9,4.9/5.0 / (47),10月02日前到货 | 退款保证 | 复购率 21%,,False,https://www.alibaba.com/product-detail/Solid-Color-High-Stretch-Headband-for_1601677283041.html,https://s.alicdn.com/@sc04/kf/H351703d022674d63815e72dac19a2bf3B.jpg_300x300.jpg,2026-09-08T05:40:04.010000+00:00,hair accessories women,zh-CN
ali-1600769048574,Alibaba.com,发饰,1600769048574,新款时尚五花立体折叠发箍发饰设计师女性头带,新款时尚五花立体折叠发箍发饰设计师女性头带；11月14日前到货；无忧退,US$0.80,USD,0.80,0.80,最低起订量：20 pieces,20,pieces,"Yiwu Yane Accessories Co., Ltd.",9年 / CN,4.7,4.7/5.0 / (63),11月14日前到货 | 无忧退,认证,False,https://www.alibaba.com/product-detail/New-Fashion-Five-Flower-Solid-Folds_1600769048574.html,https://s.alicdn.com/@sc04/kf/H1b2e60f6d3a3456ca2b944d06bf8aff3p.jpg_300x300.jpg,2026-09-08T05:40:04.010000+00:00,hair accessories women,zh-CN
ali-1601571634621,Alibaba.com,发饰,1601571634621,IFOND 批量供应 2 件装简约荷叶边小缎面发圈，带多色发带，适合女士和女孩日常派对发型,IFOND 批量供应 2 件装简约荷叶边小缎面发圈，带多色发带，适合女士和女孩日常派对发型；180 天内底价；9月25日前到货；退款保证；复购率 16%,US$0.69,USD,0.69,0.69,最低起订量：10 pieces,10,pieces,"Yiwu Jiaoman Clothing Co., Ltd.",6年 / CN,4.9,4.9/5.0 / (57),180 天内底价 | 9月25日前到货 | 退款保证 | 复购率 16%,,False,https://www.alibaba.com/product-detail/IFOND-Bulk-Supply-2Pcs-Minimalist-Ruffled_1601571634621.html,https://s.alicdn.com/@sc04/kf/Hd2f59f7e0739400aa78c077a1a1319d6q.jpg_300x300.jpg,2026-09-08T05:40:04.010000+00:00,hair accessories women,zh-CN
ali-1601529977974,Alibaba.com,发饰,1601529977974,定制徽标弹力针织头带运动头带纯色瑜伽弹力发带女式发饰,定制徽标弹力针织头带运动头带纯色瑜伽弹力发带女式发饰；10月01日前到货,US$0.99,USD,0.99,0.99,最低起订量：20 pieces,20,pieces,"Quzhou Yiyuan Trade Co., Ltd.",6年 / CN,4.8,4.8/5.0 / (46),10月01日前到货,,False,https://www.alibaba.com/product-detail/Custom-logo-Stretch-Knitted-Headbands-Sport_1601529977974.html,https://s.alicdn.com/@sc04/kf/H18a619f3426a46c09a6439046252cc50i.jpg_300x300.jpg,2026-09-08T05:40:04.010000+00:00,hair accessories women,zh-CN
ali-1600708331794,Alibaba.com,发饰,1600708331794,假发发带女多色辫子发型发带女人造头发装饰发饰发饰,假发发带女多色辫子发型发带女人造头发装饰发饰发饰；10月01日前到货；无忧退；复购率 18%,US$0.95,USD,0.95,0.95,最低起订量：5 pieces,5,pieces,Hangzhou Wasai Jewelry Ltd.,5年 / CN,4.8,4.8/5.0 / (257),10月01日前到货 | 无忧退 | 复购率 18%,认证,False,https://www.alibaba.com/product-detail/Wig-Hairband-Women-Multicolor-Braid-Hairstyle_1600708331794.html,https://s.alicdn.com/@sc04/kf/Ha0cb87568d59494ab8f0fae2c7d0d441U.jpg_300x300.jpg,2026-09-08T05:40:04.010000+00:00,hair accessories women,zh-CN
ali-1601009969244,Alibaba.com,发饰,1601009969244,11厘米大号时尚塑料发夹带橡胶漆鲨鱼爪发夹女式优雅咖啡色发夹工厂,11厘米大号时尚塑料发夹带橡胶漆鲨鱼爪发夹女式优雅咖啡色发夹工厂；9月25日前到货；退款保证；复购率 19%,US$0.24,USD,0.24,0.24,最低起订量：10 pieces,10,pieces,"Yiwu Junqiao Jewelry Co., Ltd.",3年 / CN,4.7,4.7/5.0 / (292),9月25日前到货 | 退款保证 | 复购率 19%,认证,False,https://www.alibaba.com/product-detail/11cm-Large-Fashionable-Plastic-Hair-Clips_1601009969244.html,https://s.alicdn.com/@sc04/kf/Hf2b7721871114e48a3c421ba0c72d4a4J.jpg_300x300.jpg,2026-09-08T05:40:04.010000+00:00,hair accessories women,zh-CN
ali-1601564756844,Alibaba.com,家居花器,1601564756844,现代奢华金羽陶瓷花瓶家居装饰客厅餐桌桌面结婚生日礼物,"现代奢华金羽陶瓷花瓶家居装饰客厅餐桌桌面结婚生日礼物；满 US$2,000 立减 5%；无忧退",US$7-17.67,USD,7,17.67,最低起订量：6 pieces,6,pieces,"Q&k (xiamen) Imp & Exp Co., Ltd.",8年 / CN,4.9,4.9/5.0 / (15),"满 US$2,000 立减 5% | 无忧退",,False,https://www.alibaba.com/product-detail/Modern-Luxury-Gold-Feather-Ceramic-Vase_1601564756844.html,https://s.alicdn.com/@sc04/kf/H22e215194b7e4cf5851f696ffe912a617.jpg_300x300.jpg,2026-09-08T05:40:20.099000+00:00,ceramic vase home decor,zh-CN
ali-1601803333617,Alibaba.com,家居花器,1601803333617,白色手工压制粗陶陶瓷花瓶法式家居装饰插花花瓶干花,白色手工压制粗陶陶瓷花瓶法式家居装饰插花花瓶干花；180 天内底价；11月12日前到货；无忧退,US$8.54-9.60,USD,8.54,9.60,最低起订量：2 pieces,2,pieces,"Xiamen Dashuiwa Network Technology Co., Ltd.",5年 / CN,4.7,4.7/5.0 / (127),180 天内底价 | 11月12日前到货 | 无忧退,,False,https://www.alibaba.com/product-detail/White-Hand-pressed-Coarse-Pottery-Ceramic_1601803333617.html,https://s.alicdn.com/@sc04/kf/H703a5b3a26b1425ca2bbd02a70c76d996.png_300x300.png,2026-09-08T05:40:20.099000+00:00,ceramic vase home decor,zh-CN
ali-1601726448743,Alibaba.com,家居花器,1601726448743,Flolenco 优雅手工制作 3D 百合陶瓷花瓶套装 白色釉面花卉图案精美工艺花瓶 适合婚礼中心装饰,"Flolenco 优雅手工制作 3D 百合陶瓷花瓶套装 白色釉面花卉图案精美工艺花瓶 适合婚礼中心装饰；满 US$2,000 立减 5%；无忧退",US$11.37-20.67,USD,11.37,20.67,最低起订量：8 pieces,8,pieces,"Shenzhen Flolenco Home Decorations Co., Ltd.",7年 / CN,5.0,5.0/5.0 / (6),"满 US$2,000 立减 5% | 无忧退",,False,https://www.alibaba.com/product-detail/Flolenco-Elegant-Handmade-3d-Lily-Ceramic_1601726448743.html,https://s.alicdn.com/@sc04/kf/Hfa37704c00e1462793d827f4eae93256Q.jpg_300x300.jpg,2026-09-08T05:40:20.099000+00:00,ceramic vase home decor,zh-CN
ali-1601780257826,Alibaba.com,家居花器,1601780257826,东方美学禅意家居装饰陶瓷圆边哑光白釉陶瓷花瓶花盆适合民宿酒店生活,东方美学禅意家居装饰陶瓷圆边哑光白釉陶瓷花瓶花盆适合民宿酒店生活；11月14日前到货；无忧退,US$12.99-35.37,USD,12.99,35.37,最低起订量：50 pieces,50,pieces,"Zunbai (Chaozhou) Import And Export Trading Co., Ltd.",1年 / CN,,,11月14日前到货 | 无忧退,,False,https://www.alibaba.com/product-detail/Oriental-Aesthetic-Zen-Home-Decor-Porcelain_1601780257826.html,https://s.alicdn.com/@sc04/kf/H9dd7f48eb1ef4e9486ef650f237af85ah.png_300x300.png,2026-09-08T05:40:20.099000+00:00,ceramic vase home decor,zh-CN
ali-1600125047480,Alibaba.com,家居花器,1600125047480,北欧现代亚光家居装饰花瓶装饰批发陶瓷花瓶,"北欧现代亚光家居装饰花瓶装饰批发陶瓷花瓶；满 US$2,000 立减 5%；复购率 34%",US$6.50-12.99,USD,6.50,12.99,最低起订量：2 pieces,2,pieces,"Chaozhou Yubinghua Ceramics Co., Ltd.",11年 / CN,4.8,4.8/5.0 / (8),"满 US$2,000 立减 5% | 复购率 34%",,False,https://www.alibaba.com/product-detail/Nordic-Modern-Matt-Home-Decor-Flower_1600125047480.html,https://s.alicdn.com/@sc04/kf/H9442a8b39079463cbec98ae528fca0f38.jpg_300x300.jpg,2026-09-08T05:40:20.099000+00:00,ceramic vase home decor,zh-CN
ali-1601870931108,Alibaba.com,家居花器,1601870931108,侘寂风格陶瓷花瓶复古风陶土花瓶家居装饰花卉插花水培花瓶陶瓷,侘寂风格陶瓷花瓶复古风陶土花瓶家居装饰花卉插花水培花瓶陶瓷；无忧退,US$5.50-7.50,USD,5.50,7.50,最低起订量：2 pieces,2,pieces,"Guangzhou Xiulan Trading Co., Ltd.",1年 / CN,5.0,5.0/5.0 / (2),无忧退,,False,https://www.alibaba.com/product-detail/Wabi-sabistyle-Ceramic-Vase-Vintage-aged_1601870931108.html,https://s.alicdn.com/@sc04/kf/Hda8a54cf8abd4bc383f226462849a922k.png_300x300.png,2026-09-08T05:40:20.099000+00:00,ceramic vase home decor,zh-CN
ali-1601658887898,Alibaba.com,家居花器,1601658887898,现代手工制作气泡釉陶瓷桌面花瓶不规则开口高品质艺术花卉农舍家居装饰婚礼装饰,现代手工制作气泡釉陶瓷桌面花瓶不规则开口高品质艺术花卉农舍家居装饰婚礼装饰；无忧退,US$13.20-15.80,USD,13.20,15.80,最低起订量：12 pieces,12,pieces,"Jingdezhen Wisdom Crafts Co., Ltd.",2年 / CN,,,无忧退,,False,https://www.alibaba.com/product-detail/Modern-Handmade-Bubble-Glazed-Ceramic-Tabletop_1601658887898.html,https://s.alicdn.com/@sc04/kf/H56ac0b7a296043858a5924e75948b67ea.png_300x300.png,2026-09-08T05:40:20.099000+00:00,ceramic vase home decor,zh-CN
ali-1601548907425,Alibaba.com,家居花器,1601548907425,J420 新款流行欧式姜罐现代落地花瓶大号陶瓷家居装饰品适用于客厅酒店走廊,J420 新款流行欧式姜罐现代落地花瓶大号陶瓷家居装饰品适用于客厅酒店走廊；复购率 59%,US$7-45,USD,7,45,最低起订量：24 pieces,24,pieces,Chaozhou Chaoan Fengtang Taisi Ceramics Factory,5年 / CN,4.1,4.1/5.0 / (10),复购率 59%,,False,https://www.alibaba.com/product-detail/J420-New-Trending-European-Ginger-Jar_1601548907425.html,https://s.alicdn.com/@sc04/kf/H6f78ac31e2bb4cfe99354fc30e49a6fdV.jpg_300x300.jpg,2026-09-08T05:40:20.099000+00:00,ceramic vase home decor,zh-CN
ali-1601448425390,Alibaba.com,家居花器,1601448425390,梅林生活手工陶瓷花瓶现代装饰家居花瓶简约白色花瓶潮州陶瓷厂OEMODM,梅林生活手工陶瓷花瓶现代装饰家居花瓶简约白色花瓶潮州陶瓷厂OEMODM；11月14日前到货；复购率 26%,US$15.22-25.42,USD,15.22,25.42,最低起订量：24 pieces,24,pieces,"Shenzhen Merlin Living Decorated Word Co., Ltd.",11年 / CN,4.8,4.8/5.0 / (2),11月14日前到货 | 复购率 26%,,False,https://www.alibaba.com/product-detail/Merlin-Living-Handmade-Ceramic-Vase-Modern_1601448425390.html,https://s.alicdn.com/@sc04/kf/H62ba663362e048a98cee90956d4c04945.jpg_300x300.jpg,2026-09-08T05:40:20.099000+00:00,ceramic vase home decor,zh-CN
ali-1601481881777,Alibaba.com,家居花器,1601481881777,MSH中式传统北欧青花瓷独特花瓶家居装饰陶瓷花瓶,MSH中式传统北欧青花瓷独特花瓶家居装饰陶瓷花瓶；180 天内底价；11月02日前到货；无忧退,US$4.30,USD,4.30,4.30,最低起订量：2 pieces,2,pieces,"Hangzhou Shanhaihe Household Products Co., Ltd.",7年 / CN,4.7,4.7/5.0 / (91),180 天内底价 | 11月02日前到货 | 无忧退,,False,https://www.alibaba.com/product-detail/MSH-Chinese-Style-Traditional-Nordic-Blue_1601481881777.html,https://s.alicdn.com/@sc04/kf/Hcb8c222477794d8ba3523902087aa239E.jpg_300x300.jpg,2026-09-08T05:40:20.099000+00:00,ceramic vase home decor,zh-CN
ali-1601917660998,Alibaba.com,宠物用品,1601917660998,狗狗用镇静咀嚼片，鸭子味，120粒软咀嚼片，天然缓解焦虑压力，缓解分离焦虑，不安定情绪缓解剂，OEM ODM,狗狗用镇静咀嚼片，鸭子味，120粒软咀嚼片，天然缓解焦虑压力，缓解分离焦虑，不安定情绪缓解剂，OEM ODM；无忧退,US$1.95-3.65,USD,1.95,3.65,最低起订量：500 units,500,units,"Guangzhou Waikee Biomedical Technology Co., Ltd.",1年 / CN,,,无忧退,,False,https://www.alibaba.com/product-detail/Calming-Chews-For-Dogs-Duck-Flavor_1601917660998.html,https://s.alicdn.com/@sc04/kf/H9dfb559c9aef4ba48f512b7c8d8f3bd1X.png_300x300.png,2026-09-08T05:40:24.629000+00:00,pet accessories,zh-CN
ali-1601846710953,Alibaba.com,宠物用品,1601846710953,豪华个性化金属宠物骨灰盒，用于纪念狗狗，纪念罐，小动物用圆柱形纪念盒,豪华个性化金属宠物骨灰盒，用于纪念狗狗，纪念罐，小动物用圆柱形纪念盒；无忧退,US$10-37.90,USD,10,37.90,最低起订量：48 pieces,48,pieces,"Huizhou Shengxinrong Hardware Products Co., Ltd.",10年 / CN,5.0,5.0/5.0 / (2),无忧退,,False,https://www.alibaba.com/product-detail/Luxury-Personalized-Metal-Pet-Urn-For_1601846710953.html,https://s.alicdn.com/@sc04/kf/Haf7c0cc3df8a4f01a3a8c17c989fb5eb4.png_300x300.png,2026-09-08T05:40:24.629000+00:00,pet accessories,zh-CN
ali-1601855864280,Alibaba.com,宠物用品,1601855864280,32 毫米可重复使用电动塑料宠物刷头吸嘴注塑吸尘器配件，适用于车库高效清洁,32 毫米可重复使用电动塑料宠物刷头吸嘴注塑吸尘器配件，适用于车库高效清洁；180 天内底价；11月14日前到货；无忧退,US$2.22,USD,2.22,2.22,最低起订量：200 pieces,200,pieces,"Jinyun Jieliang Industry And Trade Co., Ltd.",1年 / CN,,,180 天内底价 | 11月14日前到货 | 无忧退,,False,https://www.alibaba.com/product-detail/32mm-Reusable-Electric-Plastic-Pet-Brush_1601855864280.html,https://s.alicdn.com/@sc04/kf/H33f1464b40a64c66ab926da0573baf77J.jpg_300x300.jpg,2026-09-08T05:40:24.629000+00:00,pet accessories,zh-CN
ali-1601882895468,Alibaba.com,宠物用品,1601882895468,清新口气宠物牙齿清洁狗用手指湿巾自有品牌，用于去除牙垢和牙菌斑,清新口气宠物牙齿清洁狗用手指湿巾自有品牌，用于去除牙垢和牙菌斑；无忧退,US$0.50-0.75,USD,0.50,0.75,"最低起订量：2,000 barrels",2000,barrels,"Wenzhou Shengcheng Technology Co., Ltd.",1年 / CN,,,无忧退,,False,https://www.alibaba.com/product-detail/Freshens-Breath-Pet-Teeth-Cleaning-Dog_1601882895468.html,https://s.alicdn.com/@sc04/kf/H23034a878f0c4d7d9a070c1b235a2459C.png_300x300.png,2026-09-08T05:40:24.629000+00:00,pet accessories,zh-CN
ali-1601923216790,Alibaba.com,宠物用品,1601923216790,批发透明模块式宠物围栏，易于组装，可移动式狗围栏，适用于室内幼犬训练，支持OEM,批发透明模块式宠物围栏，易于组装，可移动式狗围栏，适用于室内幼犬训练，支持OEM,US$65-200,USD,65,200,最低起订量：1 piece,1,piece,"Qingdao Jishengde Supply Chain Management Co., Ltd.",1年 / CN,,,,,False,https://www.alibaba.com/product-detail/Wholesale-Clear-Modular-Pet-Playpen-Easy_1601923216790.html,https://s.alicdn.com/@sc04/kf/H620e2f06effe4a248fac58a0de12c362m.png_300x300.png,2026-09-08T05:40:24.629000+00:00,pet accessories,zh-CN
ali-1600750170759,Alibaba.com,宠物用品,1600750170759,定制自清洁可重复使用地毯猫毛宠物除毛器滚筒刷狗Cepillo Pelo Gato宠物除毛器,定制自清洁可重复使用地毯猫毛宠物除毛器滚筒刷狗Cepillo Pelo Gato宠物除毛器；11月12日前到货；无忧退；复购率 17%,US$0.82-1.76,USD,0.82,1.76,最低起订量：100 pieces,100,pieces,"Zhejiang Ouding Plastic Co., Ltd.",6年 / CN,4.8,4.8/5.0 / (62),11月12日前到货 | 无忧退 | 复购率 17%,认证,False,https://www.alibaba.com/product-detail/ODPC-Self-Cleaning-Pet-Hair-Remover_1600750170759.html,https://s.alicdn.com/@sc04/kf/He2c4ac5662e141c0b1e0393a74e035e9e.jpg_300x300.jpg,2026-09-08T05:40:24.629000+00:00,pet accessories,zh-CN
ali-1600881182938,Alibaba.com,宠物用品,1600881182938,免费样品定制徽标三合一便携式不锈钢宠物喂食碗旅行用狗水瓶产品,免费样品定制徽标三合一便携式不锈钢宠物喂食碗旅行用狗水瓶产品；无忧退；复购率 15%,US$0.50-2.50,USD,0.50,2.50,最低起订量：2 pieces,2,pieces,"Everich And Tomic Housewares Co., Ltd.",9年 / CN,4.9,4.9/5.0 / (64),无忧退 | 复购率 15%,认证,False,https://www.alibaba.com/product-detail/Free-Sample-Custom-Logo-3-in_1600881182938.html,https://s.alicdn.com/@sc04/kf/H2033dca0c82844df82432c7c96d9b808V.jpg_300x300.jpg,2026-09-08T05:40:24.629000+00:00,pet accessories,zh-CN
ali-1601141303635,Alibaba.com,宠物用品,1601141303635,新款狗狗配件套装个性化定制徽标豪华PVC氯丁橡胶宠物便携碗狗用背带牵引绳套装,"新款狗狗配件套装个性化定制徽标豪华PVC氯丁橡胶宠物便携碗狗用背带牵引绳套装；满 US$2,000 立减 5%；无忧退；复购率 19%",US$1.40-5.40,USD,1.40,5.40,最低起订量：20 pieces,20,pieces,"SHANDONG PETMART PET PRODUCTS CO.,LTD",5年 / CN,4.9,4.9/5.0 / (55),"满 US$2,000 立减 5% | 无忧退 | 复购率 19%",,False,https://www.alibaba.com/product-detail/New-Dog-Accessories-Set-Personalized-Custom_1601141303635.html,https://s.alicdn.com/@sc04/kf/Haceb59c28b5b4a4dbf48d3065e3f8787P.jpg_300x300.jpg,2026-09-08T05:40:24.629000+00:00,pet accessories,zh-CN
ali-1601646286602,Alibaba.com,宠物用品,1601646286602,Muker 现代经典豪华快拆可调节 PVC 涂层聚酯宠物项圈牵引绳套装可拆卸定制,Muker 现代经典豪华快拆可调节 PVC 涂层聚酯宠物项圈牵引绳套装可拆卸定制；180 天内底价；复购率 16%,US$1.26-1.66,USD,1.26,1.66,最低起订量：100 pieces,100,pieces,HONGKONG MUKER PET TECHNOLOGY LIMITED,3年 / HK,4.5,4.5/5.0 / (12),180 天内底价 | 复购率 16%,,False,https://www.alibaba.com/product-detail/Muker-Modern-Classic-Luxury-Quick-Release_1601646286602.html,https://s.alicdn.com/@sc04/kf/Hd83eddafd54943bca7924ffaeebf1fa4V.jpg_300x300.jpg,2026-09-08T05:40:24.629000+00:00,pet accessories,zh-CN
ali-1601387370526,Alibaba.com,宠物用品,1601387370526,新到货定制标志硅胶狗舔垫狗喂食器碗配件减缓宠物对小动物的进食,新到货定制标志硅胶狗舔垫狗喂食器碗配件减缓宠物对小动物的进食；11月12日前到货；复购率 22%,US$1.08-1.44,USD,1.08,1.44,最低起订量：50 pieces,50,pieces,"Dongguan Zhi Shang Silicone Products Co., Ltd.",6年 / CN,4.7,4.7/5.0 / (79),11月12日前到货 | 复购率 22%,,False,https://www.alibaba.com/product-detail/New-Arrival-Custom-Logo-Food-Grade_1601387370526.html,https://s.alicdn.com/@sc04/kf/Hf53c14d11c2544ef95a58a581f3e3f138.jpg_300x300.jpg,2026-09-08T05:40:24.629000+00:00,pet accessories,zh-CN
ali-1600691209388,Alibaba.com,厨房收纳,1600691209388,厨房组织者搁板碳钢刀储物架壁挂式香料架筷子器皿架,厨房组织者搁板碳钢刀储物架壁挂式香料架筷子器皿架；无忧退,US$1.21-1.58,USD,1.21,1.58,最低起订量：50 sets,50,sets,"Guangdong Meisite Daily Necessities Co.,Ltd",16年 / CN,4.3,4.3/5.0 / (234),无忧退,,False,https://www.alibaba.com/product-detail/Kitchen-Organizers-Shelf-Carbon-Steel-Knife_1600691209388.html,https://s.alicdn.com/@sc04/kf/Hbb39602a07ae4bcfbb5451fd6cc66cecZ.jpg_300x300.jpg,2026-09-08T05:40:28.569000+00:00,kitchen organizer,zh-CN
ali-1601690144159,Alibaba.com,厨房收纳,1601690144159,可拉出式可调节锅具收纳架，可扩展厨房橱柜炊具收纳架，带可拆卸分隔板,可拉出式可调节锅具收纳架，可扩展厨房橱柜炊具收纳架，带可拆卸分隔板；无忧退,US$2.80-6.95,USD,2.80,6.95,最低起订量：1 set,1,set,"Chaozhou Huoli Hardware Products Co., Ltd.",1年 / CN,5.0,5.0/5.0 / (9),无忧退,,False,https://www.alibaba.com/product-detail/Pull-Out-Adjustable-Pots-Pans-Organizer_1601690144159.html,https://s.alicdn.com/@sc04/kf/Hb8e045b14e1a451f898ceaf3957b242ag.jpg_300x300.jpg,2026-09-08T05:40:28.569000+00:00,kitchen organizer,zh-CN
ali-1601246227071,Alibaba.com,厨房收纳,1601246227071,水槽下的拉出式双搁板厨房可拆卸储物台面香料架香料收纳器,"水槽下的拉出式双搁板厨房可拆卸储物台面香料架香料收纳器；满 US$2,000 立减 5%；无忧退",US$1.85-2,USD,1.85,2,最低起订量：100 pieces,100,pieces,"Ningbo Hi-Tech Zone Embody Trading Co., Ltd.",13年 / CN,4.8,4.8/5.0 / (38),"满 US$2,000 立减 5% | 无忧退",,False,https://www.alibaba.com/product-detail/Pull-out-Double-Shelf-Kitchen-Under_1601246227071.html,https://s.alicdn.com/@sc04/kf/Hd3321dc4d02043f09bf1d9a0cb30bc3aG.jpg_300x300.jpg,2026-09-08T05:40:28.569000+00:00,kitchen organizer,zh-CN
ali-1601669789047,Alibaba.com,厨房收纳,1601669789047,高品质多层金属厨房储物架旋转式家用置物架带多种功能储物架,高品质多层金属厨房储物架旋转式家用置物架带多种功能储物架；10月04日前到货；无忧退,US$7.12,USD,7.12,7.12,最低起订量：2 pieces,2,pieces,"Ningbo Embody Homeware Co., Ltd.",9年 / CN,4.7,4.7/5.0 / (25),10月04日前到货 | 无忧退,,False,https://www.alibaba.com/product-detail/High-Quality-Multi-Layer-Metal-Kitchen_1601669789047.html,https://s.alicdn.com/@sc04/kf/H6ec929703abd44caba63506d96262f2cG.jpg_300x300.jpg,2026-09-08T05:40:28.569000+00:00,kitchen organizer,zh-CN
ali-1601641148521,Alibaba.com,厨房收纳,1601641148521,多层厨房储物架 - 加厚不锈钢碗碟架，可拆卸托盘，可放置碗盘餐具，台面,多层厨房储物架 - 加厚不锈钢碗碟架，可拆卸托盘，可放置碗盘餐具，台面；无忧退,US$5.60,USD,5.60,5.60,最低起订量：2 pieces,2,pieces,"Zhejiang Chuju Daily Necessities Co., Ltd.",4年 / CN,4.3,4.3/5.0 / (114),无忧退,,False,https://www.alibaba.com/product-detail/Multi-Layer-Kitchen-Storage-Rack-Thickened_1601641148521.html,https://s.alicdn.com/@sc04/kf/H4d4b75afeaaa403093338983ea2f8541l.jpg_300x300.jpg,2026-09-08T05:40:28.569000+00:00,kitchen organizer,zh-CN
ali-1600887535648,Alibaba.com,厨房收纳,1600887535648,厨房可堆叠抽屉套装冰箱收纳箱,厨房可堆叠抽屉套装冰箱收纳箱；复购率 57%,US$1.61-1.91,USD,1.61,1.91,最低起订量：10 pieces,10,pieces,"Haining Sanyu Midou New Material Co., Ltd.",6年 / CN,4.9,4.9/5.0 / (6),复购率 57%,,False,https://www.alibaba.com/product-detail/Stackable-Drawer-Set-Refrigerator-Organizer-Bin_1600887535648.html,https://s.alicdn.com/@sc04/kf/H7c08ec7577e24c0c917be34aaf9eff0ap.jpg_300x300.jpg,2026-09-08T05:40:28.569000+00:00,kitchen organizer,zh-CN
ali-1601748935357,Alibaba.com,厨房收纳,1601748935357,厨房收纳架 铁质可折叠置物架 厨房收纳架,厨房收纳架 铁质可折叠置物架 厨房收纳架；无忧退,US$9.90,USD,9.90,9.90,最低起订量：10 sets,10,sets,Linyi Lanshan District Zunding Hardware Processing Factory,3年 / CN,4.7,4.7/5.0 / (8),无忧退,,False,https://www.alibaba.com/product-detail/Kitchen-Organizer-Shelf-Iron-Foldable-Shelf_1601748935357.html,https://s.alicdn.com/@sc04/kf/H2998d317cfca47bab666bad04902c6d12.jpg_300x300.jpg,2026-09-08T05:40:28.569000+00:00,kitchen organizer,zh-CN
ali-1601435063978,Alibaba.com,厨房收纳,1601435063978,Yoo现代碗碟架节省空间2层碗碟排水器收纳器排水器套装折叠晾衣架排水器餐具排水器,Yoo现代碗碟架节省空间2层碗碟排水器收纳器排水器套装折叠晾衣架排水器餐具排水器；11月02日前到货；无忧退；复购率 23%,US$6,USD,6,6,最低起订量：2 pieces,2,pieces,"Chaozhou Youtuo Hardware Products Co., Ltd.",2年 / CN,4.6,4.6/5.0 / (58),11月02日前到货 | 无忧退 | 复购率 23%,,False,https://www.alibaba.com/product-detail/YOTO-Modern-Dish-Rack-Space-Saving_1601435063978.html,https://s.alicdn.com/@sc04/kf/Hc51693b20f3a4760b7da3814f091e126C.jpg_300x300.jpg,2026-09-08T05:40:28.569000+00:00,kitchen organizer,zh-CN
ali-1601344816173,Alibaba.com,厨房收纳,1601344816173,可调节两层式金属L型滑动柜储物架，适用于厨房浴室，可拉出式水槽下收纳架,可调节两层式金属L型滑动柜储物架，适用于厨房浴室，可拉出式水槽下收纳架；无忧退；复购率 18%,US$8.90-9.90,USD,8.90,9.90,最低起订量：500 sets,500,sets,Jiangmen Hanxi Metal Products Factory (sole Proprietorship),22年 / CN,5.0,5.0/5.0 / (5),无忧退 | 复购率 18%,,False,https://www.alibaba.com/product-detail/Adjustable-2-Tier-Metal-L-Shaped_1601344816173.html,https://s.alicdn.com/@sc04/kf/Hd6c9a78e9ef24f02a7c7c02fd325ff206.jpg_300x300.jpg,2026-09-08T05:40:28.569000+00:00,kitchen organizer,zh-CN
ali-1601106720918,Alibaba.com,厨房收纳,1601106720918,2层家居和厨房配件透明多用途组织储物架，带分隔器的水槽组织器下,2层家居和厨房配件透明多用途组织储物架，带分隔器的水槽组织器下；复购率 17%,US$3.65-3.95,USD,3.65,3.95,最低起订量：2 pieces,2,pieces,"Shenzhen Zhongdaxin Epoxy Plate Co., Ltd.",4年 / CN,4.8,4.8/5.0 / (14),复购率 17%,,False,https://www.alibaba.com/product-detail/2-Tier-Home-and-Kitchen-Accessories_1601106720918.html,https://s.alicdn.com/@sc04/kf/Hd7f68f03d0644c23b002bec125852812q.jpg_300x300.jpg,2026-09-08T05:40:28.569000+00:00,kitchen organizer,zh-CN
ali-1601821493195,Alibaba.com,咖啡器具,1601821493195,实验室真空搅拌夹套式双层玻璃反应锅冷凝器滴漏漏斗10-50L容量硼硅玻璃,实验室真空搅拌夹套式双层玻璃反应锅冷凝器滴漏漏斗10-50L容量硼硅玻璃；1 年质保,"US$2,656.72-4,447.77",USD,2656.72,4447.77,最低起订量：1 set,1,set,"Xi'an Taikang Biotechnology Co., Ltd.",1年 / CN,,,1 年质保,,False,https://www.alibaba.com/product-detail/Laboratory-Vacuum-Stirred-Jacketed-Double-Layer_1601821493195.html,https://s.alicdn.com/@sc04/kf/Hddf3fca56458451494425984aaa9509d0.png_300x300.png,2026-09-08T05:40:32.035000+00:00,coffee brewing equipment,zh-CN
ali-1601649451593,Alibaba.com,咖啡器具,1601649451593,OraSi Barista 植物基卡布奇诺燕麦咖啡饮料，专业级，0.5升，12罐，保质期360天,OraSi Barista 植物基卡布奇诺燕麦咖啡饮料，专业级，0.5升，12罐，保质期360天,US$1.73,USD,1.73,1.73,"最低起订量：1,404 pieces",1404,pieces,UNIGRA S.P.A.,1年 / IT,,,,,False,https://www.alibaba.com/product-detail/OraSi-Barista-Plant-Based-Cappuccino-Oat_1601649451593.html,https://s.alicdn.com/@sc04/kf/A47c21a52b3954578b58ebd3b872676e84.jpg_300x300.jpg,2026-09-08T05:40:32.035000+00:00,coffee brewing equipment,zh-CN
ali-1601933502513,Alibaba.com,咖啡器具,1601933502513,便携式迷你咖啡吧胶囊套装单份速溶咖啡杯 D35*37mm,便携式迷你咖啡吧胶囊套装单份速溶咖啡杯 D35*37mm；180 天内底价；无忧退,US$0.04-0.16,USD,0.04,0.16,"最低起订量：1,000 pieces",1000,pieces,"Dongguan Hongzhan Industrial Co., Ltd.",1年 / CN,,,180 天内底价 | 无忧退,,False,https://www.alibaba.com/product-detail/Portable-Mini-Coffee-Bar-Capsule-Set_1601933502513.html,https://s.alicdn.com/@sc04/kf/H72374c47f374422fba8e8106d6c913f4T.png_300x300.png,2026-09-08T05:40:32.035000+00:00,coffee brewing equipment,zh-CN
ali-1601936920639,Alibaba.com,咖啡器具,1601936920639,BGM.FOX OEM ODM 手动咖啡研磨机 便携式手摇咖啡磨豆机 咖啡店礼品商品定制徽标,BGM.FOX OEM ODM 手动咖啡研磨机 便携式手摇咖啡磨豆机 咖啡店礼品商品定制徽标；无忧退,US$25.85-26.85,USD,25.85,26.85,最低起订量：100 pieces,100,pieces,"Guangzhou Topin Metal Co., Ltd.",10年 / CN,,,无忧退,,False,https://www.alibaba.com/product-detail/BGM-FOX-OEM-ODM-Manual-Coffee_1601936920639.html,https://s.alicdn.com/@sc04/kf/Hcfa0d72be02441249850d26c05861a89K.jpg_300x300.jpg,2026-09-08T05:40:32.035000+00:00,coffee brewing equipment,zh-CN
ali-1601565647766,Alibaba.com,咖啡器具,1601565647766,研磨2千克至Usb称重自动研磨机放大充电C型迷你重量2千克咖啡研磨机秤,研磨2千克至Usb称重自动研磨机放大充电C型迷你重量2千克咖啡研磨机秤；10月14日前到货,US$13.88,USD,13.88,13.88,最低起订量：24 pieces,24,pieces,Zhongshan White Bird Electronic Ltd.,10年 / CN,4.7,4.7/5.0 / (4),10月14日前到货,认证,False,https://www.alibaba.com/product-detail/Dosing-Smart-Scale-Coffee-For-Brew_1601565647766.html,https://s.alicdn.com/@sc04/kf/H700dac8517274df99a637fc07e1738bdo.jpg_300x300.jpg,2026-09-08T05:40:32.035000+00:00,coffee brewing equipment,zh-CN
ali-1601564565906,Alibaba.com,咖啡器具,1601564565906,Kingze 可定制电动摩卡壶 300ML 铝制咖啡壶 带欧盟/美国插头 快速加热,"Kingze 可定制电动摩卡壶 300ML 铝制咖啡壶 带欧盟/美国插头 快速加热；满 US$2,000 立减 5%；无忧退；复购率 19%",US$17.65-21.45,USD,17.65,21.45,最低起订量：96 pieces,96,pieces,"Shenzhen Kingze Development Industrial Co., Ltd.",5年 / CN,4.9,4.9/5.0 / (107),"满 US$2,000 立减 5% | 无忧退 | 复购率 19%",,False,https://www.alibaba.com/product-detail/Kingze-Customizable-Electric-Moka-Pot-300ML_1601564565906.html,https://s.alicdn.com/@sc04/kf/H8d36ec2ed9ed47b394a82d21b8ef405c0.png_300x300.png,2026-09-08T05:40:32.035000+00:00,coffee brewing equipment,zh-CN
ali-1600086017549,Alibaba.com,咖啡器具,1600086017549,专业中国自动商用咖啡机咖啡师浓缩咖啡机出售,专业中国自动商用咖啡机咖啡师浓缩咖啡机出售；复购率 23%,"US$899-1,299",USD,899,1299,最低起订量：1 set,1,set,"Dongyi Yangshan Mechanical Equipment Co., Ltd.",8年 / CN,4.7,4.7/5.0 / (83),复购率 23%,认证,False,https://www.alibaba.com/product-detail/Professional-China-Automatic-Commercial-Coffee-Maker_1600086017549.html,https://s.alicdn.com/@sc04/kf/H08bb1274ffd843f383b43e50cfa5d474h.jpg_300x300.jpg,2026-09-08T05:40:32.035000+00:00,coffee brewing equipment,zh-CN
ali-1601697739962,Alibaba.com,咖啡器具,1601697739962,热销商用浓缩咖啡机智能棒式不锈钢咖啡机，可通过应用程序控制，支持法式咖啡，适用于酒店和餐厅,热销商用浓缩咖啡机智能棒式不锈钢咖啡机，可通过应用程序控制，支持法式咖啡，适用于酒店和餐厅；无忧退,US$189-449,USD,189,449,最低起订量：10 pieces,10,pieces,"Guangdong Careforcafe Coffee Equipment Co., Ltd,",1年 / CN,,,无忧退,,False,https://www.alibaba.com/product-detail/Hot-Sell-Commercial-Espresso-Coffee-Maker_1601697739962.html,https://s.alicdn.com/@sc04/kf/Hbcecae1e05884ae0b67d967cd6cb48d2d.jpg_300x300.jpg,2026-09-08T05:40:32.035000+00:00,coffee brewing equipment,zh-CN
ali-1601419199720,Alibaba.com,咖啡器具,1601419199720,格蕾丝冲泡头浓缩咖啡机两组半自动不锈钢机便携式酒店和户外使用,格蕾丝冲泡头浓缩咖啡机两组半自动不锈钢机便携式酒店和户外使用；复购率 27%,"US$1,875-2,875",USD,1875,2875,最低起订量：1 set,1,set,"Guangdong Grace Kitchen Equipment Co., Ltd.",7年 / CN,4.9,4.9/5.0 / (17),复购率 27%,,False,https://www.alibaba.com/product-detail/GRACE-Brewing-Head-Espresso-Coffee-Maker_1601419199720.html,https://s.alicdn.com/@sc04/kf/Hb09b6394a23d428aacb94092812c857an.jpg_300x300.jpg,2026-09-08T05:40:32.035000+00:00,coffee brewing equipment,zh-CN
ali-1601815307429,Alibaba.com,咖啡器具,1601815307429,传统手冲咖啡机 易于操作 手动咖啡机 实用家用咖啡冲泡器,传统手冲咖啡机 易于操作 手动咖啡机 实用家用咖啡冲泡器；无忧退,US$18,USD,18,18,最低起订量：2 pieces,2,pieces,"Zhongshan Xinyuan Silicone Rubber Manufacture Co., Ltd.",12年 / CN,4.3,4.3/5.0 / (38),无忧退,,False,https://www.alibaba.com/product-detail/Traditional-Hand-Brew-Coffee-Maker-Easy_1601815307429.html,https://s.alicdn.com/@sc04/kf/Hefa63cc6117d4e33b7f4e1d2f94988daO.png_300x300.png,2026-09-08T05:40:32.035000+00:00,coffee brewing equipment,zh-CN
ali-1601645398364,Alibaba.com,文具手账,1601645398364,带徽标的定制笔记本，PU皮革拼接，A7袖珍迷你笔记本，可爱笔记本，记事本，书写本，迷你笔记本。,带徽标的定制笔记本，PU皮革拼接，A7袖珍迷你笔记本，可爱笔记本，记事本，书写本，迷你笔记本。；无忧退；复购率 30%,US$0.63-0.68,USD,0.63,0.68,最低起订量：100 pieces,100,pieces,"Cangnan County Jingda Arts & Crafts Co., Ltd.",3年 / CN,5.0,5.0/5.0 / (5),无忧退 | 复购率 30%,认证,False,https://www.alibaba.com/product-detail/Custom-Notebook-With-Logo-PU-Leather_1601645398364.html,https://s.alicdn.com/@sc04/kf/Hb1b253fe5db543b58e63a614573ba9f8i.png_300x300.png,2026-09-08T05:40:49.178000+00:00,notebook stationery,zh-CN
ali-1601486518170,Alibaba.com,文具手账,1601486518170,学校文具供应商定制A6笔记本螺旋牛皮纸封面大学笔记本带便签纸笔记本带笔,学校文具供应商定制A6笔记本螺旋牛皮纸封面大学笔记本带便签纸笔记本带笔；无忧退,US$0.55-0.75,USD,0.55,0.75,最低起订量：500 pieces,500,pieces,"Dongguan Shengcai Stationery Co., Ltd.",2年 / CN,4.6,4.6/5.0 / (5),无忧退,,False,https://www.alibaba.com/product-detail/School-Stationery-Supplier-Custom-A6-Notebook_1601486518170.html,https://s.alicdn.com/@sc04/kf/Hd4d2b4b6032e4e1c9f3c4c0ca619b499Z.jpg_300x300.jpg,2026-09-08T05:40:49.178000+00:00,notebook stationery,zh-CN
ali-1600747245822,Alibaba.com,文具手账,1600747245822,2026年热销学校用品学生用精装笔记本压纹徽标定制PU皮革记事本促销用,"2026年热销学校用品学生用精装笔记本压纹徽标定制PU皮革记事本促销用；满 US$2,000 立减 5%；无忧退；复购率 17%",US$0.60-0.85,USD,0.60,0.85,最低起订量：50 pieces,50,pieces,"Yiwu Shuli Stationery Co., Ltd.",6年 / CN,4.6,4.6/5.0 / (67),"满 US$2,000 立减 5% | 无忧退 | 复购率 17%",,False,https://www.alibaba.com/product-detail/2026-Hot-Sale-School-Supplies-Hardcover_1600747245822.html,https://s.alicdn.com/@sc04/kf/Hbe18e7668b674e5eafbac45922a1d836G.jpg_300x300.jpg,2026-09-08T05:40:49.178000+00:00,notebook stationery,zh-CN
ali-1601827113657,Alibaba.com,文具手账,1601827113657,Huion Note E X50 8.4 英寸电子笔记本数字记事本智能书写板 PenTech 3.0 用于记笔记、阅读、绘图,"Huion Note E X50 8.4 英寸电子笔记本数字记事本智能书写板 PenTech 3.0 用于记笔记、阅读、绘图；满 US$2,000 立减 5%；无忧退；制造商排行榜第9名",US$315-359,USD,315,359,最低起订量：2 pieces,2,pieces,"Shenzhen Huion Trend Technology Co., Ltd.",1年 / CN,4.6,4.6/5.0 / (12),"满 US$2,000 立减 5% | 无忧退 | 制造商排行榜第9名",,False,https://www.alibaba.com/product-detail/Huion-Note-E-X50-8-4_1601827113657.html,https://s.alicdn.com/@sc04/kf/H479f814441394b889faa5d9f99d83404s.jpg_300x300.jpg,2026-09-08T05:40:49.178000+00:00,notebook stationery,zh-CN
ali-1601336157910,Alibaba.com,文具手账,1601336157910,印刷厂定制图书印刷服务平装本软封面全彩杂志图书目录,印刷厂定制图书印刷服务平装本软封面全彩杂志图书目录；复购率 25%,US$0.35-1.20,USD,0.35,1.20,最低起订量：300 pieces,300,pieces,"Guangzhou Sese Printing Co., Ltd.",9年 / CN,5.0,5.0/5.0 / (71),复购率 25%,认证,False,https://www.alibaba.com/product-detail/Printing-Factory-Custom-Book-Printing-Service_1601336157910.html,https://s.alicdn.com/@sc04/kf/H0a54f377ca7942a99bb8f397ed332df1a.jpg_300x300.jpg,2026-09-08T05:40:49.178000+00:00,notebook stationery,zh-CN
ali-1601588142093,Alibaba.com,文具手账,1601588142093,A5皮革日记本，带凹槽压花封面和松紧带封口，可定制内衬书写页笔记本,A5皮革日记本，带凹槽压花封面和松紧带封口，可定制内衬书写页笔记本；无忧退,US$1.30-1.90,USD,1.30,1.90,最低起订量：10 pieces,10,pieces,"Wenzhou Yisan Trade Co., Ltd.",4年 / CN,4.8,4.8/5.0 / (51),无忧退,认证,False,https://www.alibaba.com/product-detail/A5-Leather-Journal-with-Grooved-Embossed_1601588142093.html,https://s.alicdn.com/@sc04/kf/H2a0b9129788c410bb41539df5f82896c3.jpg_300x300.jpg,2026-09-08T05:40:49.178000+00:00,notebook stationery,zh-CN
ali-1601582893199,Alibaba.com,文具手账,1601582893199,定制徽标螺旋精装笔记本 A5 A4 个性化品牌日记本，适合企业促销礼品和办公文具,"定制徽标螺旋精装笔记本 A5 A4 个性化品牌日记本，适合企业促销礼品和办公文具；满 US$2,000 立减 5%；无忧退；复购率 18%",US$1.20-1.99,USD,1.20,1.99,最低起订量：100 pieces,100,pieces,"Dongguan Stardawn Cultural and Creative Co., Ltd.",3年 / CN,4.9,4.9/5.0 / (74),"满 US$2,000 立减 5% | 无忧退 | 复购率 18%",认证,False,https://www.alibaba.com/product-detail/Custom-Logo-Spiral-Hardcover-Notebook-A5_1601582893199.html,https://s.alicdn.com/@sc04/kf/H087a64b2df5d4c21a9678c432feb7ba12.png_300x300.png,2026-09-08T05:40:49.178000+00:00,notebook stationery,zh-CN
ali-1601036684208,Alibaba.com,文具手账,1601036684208,批发定制Logo A5笔记本松紧带笔筒Pu笔记本印刷Logo日记记事本PU皮革笔记本,"批发定制Logo A5笔记本松紧带笔筒Pu笔记本印刷Logo日记记事本PU皮革笔记本；满 US$2,000 立减 5%；无忧退；复购率 15%",US$0.37-0.98,USD,0.37,0.98,最低起订量：500 pieces,500,pieces,"Ningbo Wisdom Office Co., Ltd.",11年 / CN,4.7,4.7/5.0 / (118),"满 US$2,000 立减 5% | 无忧退 | 复购率 15%",,False,https://www.alibaba.com/product-detail/Wholesale-Custom-Logo-A5-Notebook-Elastic_1601036684208.html,https://s.alicdn.com/@sc04/kf/H12515d57459c40f0bfb9aeaed8f2facfH.png_300x300.png,2026-09-08T05:40:49.178000+00:00,notebook stationery,zh-CN
ali-1601803079027,Alibaba.com,文具手账,1601803079027,A5尺寸磁力扣笔记本学生日记本会议办公用品定制徽标,A5尺寸磁力扣笔记本学生日记本会议办公用品定制徽标；无忧退；复购率 24%,US$0.78-1.29,USD,0.78,1.29,最低起订量：50 pieces,50,pieces,"Hangzhou Jiefa Materials Co., Ltd.",18年 / CN,4.9,4.9/5.0 / (44),无忧退 | 复购率 24%,,False,https://www.alibaba.com/product-detail/A5-Size-Magnetic-Buckle-Notebook-Student_1601803079027.html,https://s.alicdn.com/@sc04/kf/H6dc02fd0d99c4e8ebccd7618da0d35b1j.jpg_300x300.jpg,2026-09-08T05:40:49.178000+00:00,notebook stationery,zh-CN
ali-1601638932911,Alibaba.com,文具手账,1601638932911,荔枝纹图案印花 A5 商务办公笔记本，软质 PU 皮革封面，内页有线装，可定制徽标,荔枝纹图案印花 A5 商务办公笔记本，软质 PU 皮革封面，内页有线装，可定制徽标；复购率 15%,US$1.20-1.60,USD,1.20,1.60,最低起订量：10 pieces,10,pieces,"Pingyang Feifan Stationery Co., Ltd.",3年 / CN,4.7,4.7/5.0 / (120),复购率 15%,认证,False,https://www.alibaba.com/product-detail/Lychee-Grain-Pattern-Printed-A5-Business_1601638932911.html,https://s.alicdn.com/@sc04/kf/H7867d0135f624b16b97612d407e60636s.png_300x300.png,2026-09-08T05:40:49.178000+00:00,notebook stationery,zh-CN
ali-1601760658819,Alibaba.com,旅行用品,1601760658819,大容量化妆包化妆盒洗漱用品收纳袋旅行便携式纯素皮革豪华美容收纳袋化妆包,大容量化妆包化妆盒洗漱用品收纳袋旅行便携式纯素皮革豪华美容收纳袋化妆包；11月02日前到货；无忧退；复购率 20%,US$4.50,USD,4.50,4.50,最低起订量：100 pieces,100,pieces,"Dongguan Pengtour Cases & Bags Co., Ltd.",2年 / CN,4.6,4.6/5.0 / (11),11月02日前到货 | 无忧退 | 复购率 20%,认证,False,https://www.alibaba.com/product-detail/Large-Capacity-Makeup-Bag-Cosmetic-Case_1601760658819.html,https://s.alicdn.com/@sc04/kf/H898891639b694b5aba994a112c2471e4l.jpg_300x300.jpg,2026-09-08T05:40:53.825000+00:00,travel accessories,zh-CN
ali-1601864409893,Alibaba.com,旅行用品,1601864409893,定制压纹徽标 PU 皮革化妆包 褶皱洗漱包 荔枝纹旅行化妆品收纳袋 大量订购,"定制压纹徽标 PU 皮革化妆包 褶皱洗漱包 荔枝纹旅行化妆品收纳袋 大量订购；满 US$2,000 立减 5%；复购率 21%",US$0.70-1.50,USD,0.70,1.50,最低起订量：100 pieces,100,pieces,"Shenzhen Bell Packing Products Co., Ltd.",6年 / CN,4.7,4.7/5.0 / (65),"满 US$2,000 立减 5% | 复购率 21%",,False,https://www.alibaba.com/product-detail/Custom-Emboss-Logo-PU-Leather-Makeup_1601864409893.html,https://s.alicdn.com/@sc04/kf/Hd976823f7e844fb98b9654ea887415eaI.png_300x300.png,2026-09-08T05:40:53.825000+00:00,travel accessories,zh-CN
ali-1601726876111,Alibaba.com,旅行用品,1601726876111,定制徽标小号尼龙蓬松化妆包迷你绗缝化妆包带钥匙扣拉链闭合女士旅行洗漱用品包,"定制徽标小号尼龙蓬松化妆包迷你绗缝化妆包带钥匙扣拉链闭合女士旅行洗漱用品包；满 US$2,000 立减 5%；无忧退；复购率 21%",US$1.38-2.18,USD,1.38,2.18,最低起订量：1 piece,1,piece,"Jiangshan Yunhao Luggage Co., Ltd.",2年 / CN,4.8,4.8/5.0 / (4),"满 US$2,000 立减 5% | 无忧退 | 复购率 21%",认证,False,https://www.alibaba.com/product-detail/Custom-Logo-Small-Nylon-Puffy-Cosmetic_1601726876111.html,https://s.alicdn.com/@sc04/kf/H1e0f70c597594fb2b031161a4f5a2e70u.png_300x300.png,2026-09-08T05:40:53.825000+00:00,travel accessories,zh-CN
ali-1601199894546,Alibaba.com,旅行用品,1601199894546,旅行用品化妆包收纳袋洗漱用品化妆品化妆包便携式洗漱包旅行包可定制logo,"旅行用品化妆包收纳袋洗漱用品化妆品化妆包便携式洗漱包旅行包可定制logo；满 US$2,000 立减 5%；无忧退；复购率 16%",US$0.99-1.50,USD,0.99,1.50,最低起订量：20 pieces,20,pieces,"Jiangxi Naguan Household Products Co., Ltd.",5年 / CN,4.2,4.2/5.0 / (39),"满 US$2,000 立减 5% | 无忧退 | 复购率 16%",,False,https://www.alibaba.com/product-detail/Travel-Accessories-Makeup-Bag-Organizer-Toiletries_1601199894546.html,https://s.alicdn.com/@sc04/kf/He5e9af40c9cc4754b72bf0be6a855569h.jpg_300x300.jpg,2026-09-08T05:40:53.825000+00:00,travel accessories,zh-CN
ali-1601540329614,Alibaba.com,旅行用品,1601540329614,Keymay Stock S M L XL褶边袋方格袋可爱洗漱包收纳包女士旅行褶边格子化妆包,Keymay Stock S M L XL褶边袋方格袋可爱洗漱包收纳包女士旅行褶边格子化妆包；180 天内底价；9月25日前到货；退款保证；复购率 39%,US$4.50-6.90,USD,4.50,6.90,最低起订量：2 bags,2,bags,"Keymay Bag Co., Ltd.",16年 / CN,4.7,4.7/5.0 / (114),180 天内底价 | 9月25日前到货 | 退款保证 | 复购率 39%,,False,https://www.alibaba.com/product-detail/Keymay-Stock-S-M-L-XL_1601540329614.html,https://s.alicdn.com/@sc04/kf/He43a008520574842b0e1e63801fdabf69.jpg_300x300.jpg,2026-09-08T05:40:53.825000+00:00,travel accessories,zh-CN
ali-1601669235940,Alibaba.com,旅行用品,1601669235940,OEM个性化大容量软绒化妆包定制徽标刺绣化妆收纳袋低起订量旅行袋批发,"OEM个性化大容量软绒化妆包定制徽标刺绣化妆收纳袋低起订量旅行袋批发；满 US$2,000 立减 5%；无忧退；复购率 22%",US$2.99-4.19,USD,2.99,4.19,最低起订量：200 pieces,200,pieces,"Yiwu Toros Accessories Co., Ltd.",14年 / CN,4.5,4.5/5.0 / (17),"满 US$2,000 立减 5% | 无忧退 | 复购率 22%",,False,https://www.alibaba.com/product-detail/OEM-Personalized-Large-Capacity-Soft-Velvet_1601669235940.html,https://s.alicdn.com/@sc04/kf/H0618d34273fe462995815ba651e451a48.png_300x300.png,2026-09-08T05:40:53.825000+00:00,travel accessories,zh-CN
ali-1601536859387,Alibaba.com,旅行用品,1601536859387,硅胶刷子袋化妆旅行包防水柔软定制化妆包旅行洗漱用品收纳袋,硅胶刷子袋化妆旅行包防水柔软定制化妆包旅行洗漱用品收纳袋；无忧退；复购率 16%,US$0.99-1.15,USD,0.99,1.15,最低起订量：500 pieces,500,pieces,"Dongguan Yuankang Silicon Metal Products Co., Ltd.",12年 / CN,4.7,4.7/5.0 / (10),无忧退 | 复购率 16%,,False,https://www.alibaba.com/product-detail/Silicone-Brush-Bag-Makeup-Travel-Bag_1601536859387.html,https://s.alicdn.com/@sc04/kf/H3b42f367136749868d2dfe922f1f3801c.jpg_300x300.jpg,2026-09-08T05:40:53.825000+00:00,travel accessories,zh-CN
ali-1601815798629,Alibaba.com,旅行用品,1601815798629,批发时尚条纹化妆包定制徽标防水PVC化妆包大容量旅行洗漱用品收纳袋,"批发时尚条纹化妆包定制徽标防水PVC化妆包大容量旅行洗漱用品收纳袋；满 US$2,000 立减 5%；无忧退",US$1.98-2.68,USD,1.98,2.68,最低起订量：30 pieces,30,pieces,"Yiwu Prime Accessory Co., Ltd.",1年 / CN,4.9,4.9/5.0 / (12),"满 US$2,000 立减 5% | 无忧退",,False,https://www.alibaba.com/product-detail/Wholesale-Fashion-Stripe-Cosmetic-Bag-Custom_1601815798629.html,https://s.alicdn.com/@sc04/kf/Hf02ffc755b4e4b778277bc51ae87b572a.png_300x300.png,2026-09-08T05:40:53.825000+00:00,travel accessories,zh-CN
ali-11000036701398,Alibaba.com,旅行用品,11000036701398,羽绒绗缝化妆包柔软化妆包旅行美容收纳袋大容量女士收纳盒,羽绒绗缝化妆包柔软化妆包旅行美容收纳袋大容量女士收纳盒；无忧退；复购率 20%,US$0.98-2.70,USD,0.98,2.70,最低起订量：100 pieces,100,pieces,"Guizhou O'lay Technology Co., Ltd.",2年 / CN,4.9,4.9/5.0 / (31),无忧退 | 复购率 20%,,False,https://www.alibaba.com/product-detail/Puffer-Quilted-Makeup-Bag-Soft-Cosmetic_11000036701398.html,https://s.alicdn.com/@sc04/kf/A3b19f91a3db04226acf71945d7f72983s.jpg_300x300.jpg,2026-09-08T05:40:53.825000+00:00,travel accessories,zh-CN
ali-62264882838,Alibaba.com,旅行用品,62264882838,定制标志便携式防水悬挂洗漱包旅行包大容量聚酯旅行化妆包,定制标志便携式防水悬挂洗漱包旅行包大容量聚酯旅行化妆包；复购率 40%,US$1.29-2.79,USD,1.29,2.79,最低起订量：50 pieces,50,pieces,"Hangzhou Travelsky Co., Ltd.",22年 / CN,5.0,5.0/5.0 / (3),复购率 40%,认证,False,https://www.alibaba.com/product-detail/Customized-Logo-Portable-Water-Resistant-Hanging_62264882838.html,https://s.alicdn.com/@sc04/kf/H1a6ba8b2b4054fb0a8e191ebef445c3dj.png_300x300.png,2026-09-08T05:40:53.825000+00:00,travel accessories,zh-CN
ali-1600837335178,Alibaba.com,手机配件,1600837335178,批发散装手机壳胶粘安装手机手机握把配件硅胶吸手机支架,批发散装手机壳胶粘安装手机手机握把配件硅胶吸手机支架；10月01日前到货；复购率 22%,US$0.09,USD,0.09,0.09,最低起订量：100 pieces,100,pieces,"Huizhou Oneby Technology Co., Ltd.",8年 / CN,4.8,4.8/5.0 / (56),10月01日前到货 | 复购率 22%,,False,https://www.alibaba.com/product-detail/Wholesale-Bulk-Phone-Case-Adhesive-Mount_1600837335178.html,https://s.alicdn.com/@sc04/kf/Hc101ff3767ee49858e704d853c7530cbZ.jpg_300x300.jpg,2026-09-08T05:40:57.560000+00:00,phone accessories,zh-CN
ali-1601696814671,Alibaba.com,手机配件,1601696814671,XPro 磁性摄影手柄手机握把 适用于智能手机 便携式拍摄辅助设备 持久舒适,XPro 磁性摄影手柄手机握把 适用于智能手机 便携式拍摄辅助设备 持久舒适；无忧退,US$4.44-5.26,USD,4.44,5.26,最低起订量：1 piece,1,piece,"HK WIISUN ELECTRONIC CO., LIMITED",1年 / HK,4.6,4.6/5.0 / (98),无忧退,,False,https://www.alibaba.com/product-detail/XPro-Magnetic-Photography-Handle-Phone-Grip_1601696814671.html,https://s.alicdn.com/@sc04/kf/H9be90db2d3a04c518622b8ed57334439r.png_300x300.png,2026-09-08T05:40:57.560000+00:00,phone accessories,zh-CN
ali-1601578705033,Alibaba.com,手机配件,1601578705033,可爱卡通定制亚克力手机背夹可爱动物镜子手机座扣可拆卸斜跨手机链,可爱卡通定制亚克力手机背夹可爱动物镜子手机座扣可拆卸斜跨手机链；复购率 28%,US$0.69-0.85,USD,0.69,0.85,最低起订量：20 pieces,20,pieces,"Kunshan Krell Cultural Development Co., Ltd.",17年 / CN,4.9,4.9/5.0 / (750),复购率 28%,认证,False,https://www.alibaba.com/product-detail/Cute-Cartoon-Custom-Acrylic-Mobile-Phone_1601578705033.html,https://s.alicdn.com/@sc04/kf/He8c3ace7db334b95babad55f2894b82ed.jpg_300x300.jpg,2026-09-08T05:40:57.560000+00:00,phone accessories,zh-CN
ali-1601369464251,Alibaba.com,手机配件,1601369464251,批发散装防滑手机壳胶粘安装手机手机握把配件硅胶吸力手机支架,批发散装防滑手机壳胶粘安装手机手机握把配件硅胶吸力手机支架；12 日达；退款保证,US$0.08,USD,0.08,0.08,最低起订量：50 pieces,50,pieces,"Shenzhen Zhenyuan Technology Co., Ltd.",7年 / CN,4.5,4.5/5.0 / (576),12 日达 | 退款保证,,False,https://www.alibaba.com/product-detail/Wholesale-Bulk-Non-slip-Phone-Case_1601369464251.html,https://s.alicdn.com/@sc04/kf/H503a21f5e0f74d7eb77145bd7ef4ac0bp.png_300x300.png,2026-09-08T05:40:57.560000+00:00,phone accessories,zh-CN
ali-1600176862342,Alibaba.com,手机配件,1600176862342,厂家价格定制标志手机手指夹手机桌面支架手机插座,厂家价格定制标志手机手指夹手机桌面支架手机插座；无忧退,US$0.03-0.08,USD,0.03,0.08,最低起订量：50 pieces,50,pieces,Shenzhen Tohom Gift Ltd.,10年 / CN,4.4,4.4/5.0 / (34),无忧退,,False,https://www.alibaba.com/product-detail/Factory-Price-Custom-Logo-Phone-Finger_1600176862342.html,https://s.alicdn.com/@sc04/kf/H01408f4b669a4e6c8593e0ba8727a3fax.jpg_300x300.jpg,2026-09-08T05:40:57.560000+00:00,phone accessories,zh-CN
ali-1600404453956,Alibaba.com,手机配件,1600404453956,手机配件usb磁性3 in 1充电器电缆540旋转l形手机充电线,手机配件usb磁性3 in 1充电器电缆540旋转l形手机充电线；12 日达；退款保证；复购率 15%,US$1.44,USD,1.44,1.44,最低起订量：2 pieces,2,pieces,"Shenzhen Youxg Technology Co., Ltd.",12年 / CN,4.8,4.8/5.0 / (108),12 日达 | 退款保证 | 复购率 15%,,False,https://www.alibaba.com/product-detail/Phone-Accessories-Usb-Magnetic-3-in_1600404453956.html,https://s.alicdn.com/@sc04/kf/H6aa7a859f9314fd9a079338d440f4fd0r.jpg_300x300.jpg,2026-09-08T05:40:57.560000+00:00,phone accessories,zh-CN
ali-1601242057288,Alibaba.com,手机配件,1601242057288,批发Ins亚克力手机推拉支架可调手机握把弹出物,"批发Ins亚克力手机推拉支架可调手机握把弹出物；满 US$2,000 立减 5%；无忧退；复购率 26%",US$0.15-0.29,USD,0.15,0.29,最低起订量：20 pieces,20,pieces,"Yiwu Langjia Crafts Co., Ltd.",6年 / CN,4.9,4.9/5.0 / (248),"满 US$2,000 立减 5% | 无忧退 | 复购率 26%",,False,https://www.alibaba.com/product-detail/Wholesale-Ins-Acrylic-Phone-Push-Pull_1601242057288.html,https://s.alicdn.com/@sc04/kf/H0408f8acfb14433aa38674c4c5a2ab85S.jpg_300x300.jpg,2026-09-08T05:40:57.560000+00:00,phone accessories,zh-CN
ali-1601226084424,Alibaba.com,手机配件,1601226084424,三星4G 5g型号软透镜直边TPU热销保护超细纤维内粘贴手机套,三星4G 5g型号软透镜直边TPU热销保护超细纤维内粘贴手机套；无忧退；复购率 17%,US$0.18-0.20,USD,0.18,0.20,最低起订量：20 pieces,20,pieces,"Guangzhou Juda Electronic Technology Co., Ltd.",3年 / CN,4.8,4.8/5.0 / (44),无忧退 | 复购率 17%,认证,False,https://www.alibaba.com/product-detail/Top-Seller-Protective-Microfiber-Internal-Pasting_1601226084424.html,https://s.alicdn.com/@sc04/kf/Hc7a2c11cc6d84109861c4a0bb0f00814R.jpg_300x300.jpg,2026-09-08T05:40:57.560000+00:00,phone accessories,zh-CN
ali-1601519740587,Alibaba.com,手机配件,1601519740587,定制亚克力弹出手机手柄智能跟踪磁性插座，用于书桌或游戏遥控手机配件,定制亚克力弹出手机手柄智能跟踪磁性插座，用于书桌或游戏遥控手机配件；复购率 28%,US$0.25-0.78,USD,0.25,0.78,最低起订量：2 pieces,2,pieces,"Kunshan Krell Cultural Development Co., Ltd.",9年 / CN,4.9,4.9/5.0 / (796),复购率 28%,认证,False,https://www.alibaba.com/product-detail/Custom-Acrylic-Poppings-Phone-Grip-Smart_1601519740587.html,https://s.alicdn.com/@sc04/kf/H6b32343517f34a0dbd5475b1fd889626O.jpg_300x300.jpg,2026-09-08T05:40:57.560000+00:00,phone accessories,zh-CN
ali-1601215908490,Alibaba.com,手机配件,1601215908490,热销自拍美颜直播110度广角微距二合一通用外接手机镜头拍照手机配件,热销自拍美颜直播110度广角微距二合一通用外接手机镜头拍照手机配件；180 天内底价；10月02日前到货；退款保证,US$19.80,USD,19.80,19.80,最低起订量：1 piece,1,piece,"Tengdafei Digital Technology (Dongguan) Co., Ltd.",3年 / CN,4.5,4.5/5.0 / (32),180 天内底价 | 10月02日前到货 | 退款保证,,False,https://www.alibaba.com/product-detail/Hot-Saling-Selfie-Beauty-Live-110_1601215908490.html,https://s.alicdn.com/@sc04/kf/H39108e31a25f4db7a48c4d81d8b5e629z.jpg_300x300.jpg,2026-09-08T05:40:57.560000+00:00,phone accessories,zh-CN
ali-1601317435914,Alibaba.com,睡眠用品,1601317435914,软记忆泡沫颈枕舒适针织罩眼罩下巴头枕固定防滑汽车飞机旅行,软记忆泡沫颈枕舒适针织罩眼罩下巴头枕固定防滑汽车飞机旅行；复购率 31%,US$5.87-6.50,USD,5.87,6.50,最低起订量：100 pieces,100,pieces,"Guangzhou Jibei Industrial Co., Ltd.",8年 / CN,4.9,4.9/5.0 / (30),复购率 31%,认证,False,https://www.alibaba.com/product-detail/Soft-Memory-Foam-Neck-Pillow-Comfortable_1601317435914.html,https://s.alicdn.com/@sc04/kf/Haad516dcc82b47318a085b1986e7cb1aY.jpg_300x300.jpg,2026-09-08T05:41:01.519000+00:00,sleep mask pillow,zh-CN
ali-1601921044380,Alibaba.com,睡眠用品,1601921044380,批发透气亚麻便携式瑜伽冥想枕垫，适用于全球贸易和零售商店,批发透气亚麻便携式瑜伽冥想枕垫，适用于全球贸易和零售商店；无忧退,US$40-47,USD,40,47,最低起订量：50 sets,50,sets,"Suzhou Miluobei New Material Technology Co., Ltd.",1年 / CN,,,无忧退,,False,https://www.alibaba.com/product-detail/Wholesale-Breathable-Linen-Portable-Yoga-Meditation_1601921044380.html,https://s.alicdn.com/@sc04/kf/H1de20d9d8c634f1a87c99d95df5bd2c4S.jpg_300x300.jpg,2026-09-08T05:41:01.520000+00:00,sleep mask pillow,zh-CN
ali-1601821321942,Alibaba.com,睡眠用品,1601821321942,可折叠便携式奶酪海绵枕自动充气护颈午睡垫旅行休息枕,可折叠便携式奶酪海绵枕自动充气护颈午睡垫旅行休息枕；180 天内底价；11月14日前到货；无忧退,US$4.20,USD,4.20,4.20,最低起订量：50 pieces,50,pieces,"Shaoxing Yangfan Outdoor Products Co., Ltd.",3年 / CN,4.7,4.7/5.0 / (4),180 天内底价 | 11月14日前到货 | 无忧退,,False,https://www.alibaba.com/product-detail/Foldable-Portable-Cheese-Sponge-Pillow-Automatic_1601821321942.html,https://s.alicdn.com/@sc04/kf/H6dee8244a4924b8c894564923c2969826.png_300x300.png,2026-09-08T05:41:01.520000+00:00,sleep mask pillow,zh-CN
ali-10000046267760,Alibaba.com,睡眠用品,10000046267760,定制枕头 15 厘米睡熊毛绒靠垫 OEM ODM 制造商，专业生产批发礼品和装饰品,定制枕头 15 厘米睡熊毛绒靠垫 OEM ODM 制造商，专业生产批发礼品和装饰品；无忧退,US$2.50-2.99,USD,2.50,2.99,最低起订量：100 pieces,100,pieces,"Foshan Yangmiemie Toys Co., Ltd.",1年 / CN,,,无忧退,认证,False,https://www.alibaba.com/product-detail/Custom-Pillow-15cm-Sleeping-Bear-Plush_10000046267760.html,https://s.alicdn.com/@sc04/kf/Ac1f3258898004827a964761c82335d60Z.png_300x300.png,2026-09-08T05:41:01.520000+00:00,sleep mask pillow,zh-CN
ali-1601575765497,Alibaba.com,睡眠用品,1601575765497,定制标志人体工学慢回弹记忆泡沫矫形睡眠支撑颈椎蝴蝶颈部睡枕,定制标志人体工学慢回弹记忆泡沫矫形睡眠支撑颈椎蝴蝶颈部睡枕；无忧退；复购率 30%,US$11.34-12.36,USD,11.34,12.36,最低起订量：100 pieces,100,pieces,"Shenzhen Lianda Manufacturing Industry Co., Ltd.",2年 / CN,4.9,4.9/5.0 / (21),无忧退 | 复购率 30%,认证,False,https://www.alibaba.com/product-detail/Custom-Logo-Ergonomic-Slow-Rebound-Memory_1601575765497.html,https://s.alicdn.com/@sc04/kf/H42095181c6b44b99a92a741fe544a55eP.png_300x300.png,2026-09-08T05:41:01.520000+00:00,sleep mask pillow,zh-CN
ali-1601831599951,Alibaba.com,睡眠用品,1601831599951,出厂价定制DIY沙发枕套靠垫套数码印花亚麻/毛绒抗菌装饰抱枕,出厂价定制DIY沙发枕套靠垫套数码印花亚麻/毛绒抗菌装饰抱枕；无忧退；复购率 36%,US$1.10-2,USD,1.10,2,最低起订量：20 pieces,20,pieces,"Quanzhou Jiatianxia Home Furnishings Co., Ltd.",2年 / CN,4.9,4.9/5.0 / (18),无忧退 | 复购率 36%,,False,https://www.alibaba.com/product-detail/Factory-Price-Custom-DIY-Sofa-Pillowcase_1601831599951.html,https://s.alicdn.com/@sc04/kf/H6b2e4037e2ab4ef9be2c78a4f91ce90en.png_300x300.png,2026-09-08T05:41:01.520000+00:00,sleep mask pillow,zh-CN
ali-1601930088947,Alibaba.com,睡眠用品,1601930088947,定制现代卡通钩扣刺绣记忆海绵填充靠垫套全缝线沙发枕批发 4 件装,定制现代卡通钩扣刺绣记忆海绵填充靠垫套全缝线沙发枕批发 4 件装；无忧退,US$6.48-11.88,USD,6.48,11.88,最低起订量：1 piece,1,piece,"Guangzhou Zhoutu Arts & Crafts Co., Ltd.",1年 / CN,5.0,5.0/5.0 / (2),无忧退,,False,https://www.alibaba.com/product-detail/Custom-Modern-Cartoon-Latch-Hook-Embroidered_1601930088947.html,https://s.alicdn.com/@sc04/kf/H488588a3eda9460b8ef788c82c3a6849i.png_300x300.png,2026-09-08T05:41:01.520000+00:00,sleep mask pillow,zh-CN
ali-1879533893,Alibaba.com,睡眠用品,1879533893,微波薰衣草眼枕冥想水疗香薰亚麻籽和薰衣草加权睡眠面膜瑜伽眼枕,微波薰衣草眼枕冥想水疗香薰亚麻籽和薰衣草加权睡眠面膜瑜伽眼枕；复购率 24%,US$1.50-1.80,USD,1.50,1.80,最低起订量：500 pieces,500,pieces,"Shanghai Gk Industrial Co., Ltd.",13年 / CN,5.0,5.0/5.0 / (10),复购率 24%,,False,https://www.alibaba.com/product-detail/Microwave-Lavender-Eye-Pillow-for-Meditation_1879533893.html,https://s.alicdn.com/@sc04/kf/H5cbd6a54e3c94dcfae5dd83e5fee4844I.png_300x300.png,2026-09-08T05:41:01.520000+00:00,sleep mask pillow,zh-CN
ali-1601798056129,Alibaba.com,睡眠用品,1601798056129,可加热、可冷冻的薰衣草亚麻籽填充香薰面膜眼罩睡眠面膜，用于放松冥想,可加热、可冷冻的薰衣草亚麻籽填充香薰面膜眼罩睡眠面膜，用于放松冥想；180 天内底价；11月02日前到货；无忧退；复购率 25%,US$3.51,USD,3.51,3.51,最低起订量：50 pieces,50,pieces,"Anhui Leadershow Household Industrial Co., Ltd.",6年 / CN,4.7,4.7/5.0 / (8),180 天内底价 | 11月02日前到货 | 无忧退 | 复购率 25%,,False,https://www.alibaba.com/product-detail/Heatable-and-Freezable-Lavender-Flaxseed-Filling_1601798056129.html,https://s.alicdn.com/@sc04/kf/H04c0066cef004114ba21da6fb56aba3a4.jpg_300x300.jpg,2026-09-08T05:41:01.520000+00:00,sleep mask pillow,zh-CN
ali-1601781068190,Alibaba.com,睡眠用品,1601781068190,100% 纯桑蚕丝 U 形旅行枕套装，带记忆海绵颈枕和睡眠眼罩，环保且可水洗,100% 纯桑蚕丝 U 形旅行枕套装，带记忆海绵颈枕和睡眠眼罩，环保且可水洗；每满 US$100，立减 US$10；180 天内底价；11月02日前到货；无忧退,US$9.52,USD,9.52,9.52,最低起订量：5 pieces,5,pieces,"Jining Aisiyu Trading Co., Ltd.",1年 / CN,4.8,4.8/5.0 / (12),每满 US$100，立减 US$10 | 180 天内底价 | 11月02日前到货 | 无忧退,,False,https://www.alibaba.com/product-detail/100-Pure-Mulberry-Silk-U-Shaped_1601781068190.html,https://s.alicdn.com/@sc04/kf/He7b618699314432aa818939218f85a6cs.jpg_300x300.jpg,2026-09-08T05:41:01.520000+00:00,sleep mask pillow,zh-CN
ali-1601627653408,Alibaba.com,女包,1601627653408,批发时尚女士单肩包PU皮革女士迷你手提包手机口红包女童,批发时尚女士单肩包PU皮革女士迷你手提包手机口红包女童；10月17日前到货；退款保证,US$1.15,USD,1.15,1.15,最低起订量：10 pieces,10,pieces,"Guangzhou Linklux Management Co., Ltd.",1年 / CN,4.5,4.5/5.0 / (54),10月17日前到货 | 退款保证,,False,https://www.alibaba.com/product-detail/Wholesales-Fashion-Ladies-Shoulder-Bags-PU_1601627653408.html,https://s.alicdn.com/@sc04/kf/H25b12f422d364ac6a7ee58979cdc584cd.png_300x300.png,2026-09-08T05:41:19.083000+00:00,women handbag,zh-CN
ali-1601552107625,Alibaba.com,女包,1601552107625,高品质翻盖马鞍设计师包女式肩斜挎包宽肩带女士批发价格挎包钱包,高品质翻盖马鞍设计师包女式肩斜挎包宽肩带女士批发价格挎包钱包；180 天内底价；9月30日前到货；无忧退；复购率 18%,US$2.23,USD,2.23,2.23,最低起订量：2 pieces,2,pieces,S-Town Company Limited,7年 / CN,4.5,4.5/5.0 / (97),180 天内底价 | 9月30日前到货 | 无忧退 | 复购率 18%,,False,https://www.alibaba.com/product-detail/High-Quality-Flap-Saddle-Designer-Bags_1601552107625.html,https://s.alicdn.com/@sc04/kf/H3998e392e1f943528e0cda4b4e5881d4Q.jpg_300x300.jpg,2026-09-08T05:41:19.083000+00:00,women handbag,zh-CN
ali-1601561472983,Alibaba.com,女包,1601561472983,批发二手品牌二手手提包奢华女士设计师单肩包斜挎包晚装包,"批发二手品牌二手手提包奢华女士设计师单肩包斜挎包晚装包；满 US$2,000 立减 5%；无忧退；复购率 32%",US$3.20-4.60,USD,3.20,4.60,最低起订量：300 kilograms,300,kilograms,"Zaozhuang Puyi International Trade Co., Ltd.",5年 / CN,4.7,4.7/5.0 / (47),"满 US$2,000 立减 5% | 无忧退 | 复购率 32%",,False,https://www.alibaba.com/product-detail/Wholesale-Used-Branded-Second-Hand-Handbag_1601561472983.html,https://s.alicdn.com/@sc04/kf/H28c28f1727ae45c6a91cf01439b10e5cb.png_300x300.png,2026-09-08T05:41:19.083000+00:00,women handbag,zh-CN
ali-1601697066540,Alibaba.com,女包,1601697066540,手袋 女士时尚包袋 女士手袋,手袋 女士时尚包袋 女士手袋；180 天内底价；10月07日前到货；复购率 62%,US$7.50,USD,7.50,7.50,最低起订量：2 pieces,2,pieces,"Youxi Anzhifa Trading Co., Ltd.",1年 / CN,5.0,5.0/5.0 / (5),180 天内底价 | 10月07日前到货 | 复购率 62%,,False,https://www.alibaba.com/product-detail/Hand-Bags-Fashion-Bags-For-Women_1601697066540.html,https://s.alicdn.com/@sc04/kf/H02adf7703a41427ca8d7a95c8803fe39w.jpg_300x300.jpg,2026-09-08T05:41:19.083000+00:00,women handbag,zh-CN
ali-1601147048533,Alibaba.com,女包,1601147048533,奢华迷你皮革手袋时尚单肩包新款设计高品质女士斜跨女包,奢华迷你皮革手袋时尚单肩包新款设计高品质女士斜跨女包；180 天内底价；10月09日前到货；退款保证,US$2.47,USD,2.47,2.47,最低起订量：20 pieces,20,pieces,"Yiwu Hengxin Imp&exp Co., Ltd.",18年 / CN,4.4,4.4/5.0 / (145),180 天内底价 | 10月09日前到货 | 退款保证,,False,https://www.alibaba.com/product-detail/Luxury-Mini-Leather-Handbags-Fashion-Shoulder_1601147048533.html,https://s.alicdn.com/@sc04/kf/H7f29ce5c85074de4a09157d886da2b21m.jpg_300x300.jpg,2026-09-08T05:41:19.083000+00:00,women handbag,zh-CN
ali-1601516658718,Alibaba.com,女包,1601516658718,2025女新款编织PU皮包单吊带包时尚皮革翻盖女包,2025女新款编织PU皮包单吊带包时尚皮革翻盖女包；无忧退,US$1.86-1.97,USD,1.86,1.97,最低起订量：2 pieces,2,pieces,"Yiwu Guanshen Import And Export Co., Ltd.",2年 / CN,4.1,4.1/5.0 / (571),无忧退,,False,https://www.alibaba.com/product-detail/2025-Woman-New-Woven-PU-Leather_1601516658718.html,https://s.alicdn.com/@sc04/kf/H799360bad81c414298d0a0415b814e05Q.jpg_300x300.jpg,2026-09-08T05:41:19.083000+00:00,women handbag,zh-CN
ali-1601900087434,Alibaba.com,女包,1601900087434,批发二手名牌皮革手袋 大量库存 混合款式 二手奢华单肩包 手提包 斜挎包 供应,"批发二手名牌皮革手袋 大量库存 混合款式 二手奢华单肩包 手提包 斜挎包 供应；满 US$2,000 立减 5%；无忧退；复购率 46%",US$100-500,USD,100,500,最低起订量：2 pieces,2,pieces,"Zaozhuang Shiwei International Trade Co., Ltd.",1年 / CN,4.9,4.9/5.0 / (10),"满 US$2,000 立减 5% | 无忧退 | 复购率 46%",,False,https://www.alibaba.com/product-detail/Wholesale-Pre-loved-Designer-Leather-Handbags_1601900087434.html,https://s.alicdn.com/@sc04/kf/H1ff63e5f35ec42b986d2266600d5780e6.jpg_300x300.jpg,2026-09-08T05:41:19.083000+00:00,women handbag,zh-CN
ali-1601798381998,Alibaba.com,女包,1601798381998,奢华 PU 皮革女式手提包 设计师灵感源自设计师品牌 顶部提手手提包 双肩带 优雅黑色手提包,奢华 PU 皮革女式手提包 设计师灵感源自设计师品牌 顶部提手手提包 双肩带 优雅黑色手提包；180 天内底价；11月12日前到货；无忧退,US$1.57,USD,1.57,1.57,最低起订量：2 pieces,2,pieces,"Yiwu Maiyun Import And Export Co., Ltd.",1年 / CN,4.5,4.5/5.0 / (31),180 天内底价 | 11月12日前到货 | 无忧退,,False,https://www.alibaba.com/product-detail/Luxury-PU-Leather-Handbag-for-Women_1601798381998.html,https://s.alicdn.com/@sc04/kf/H97f3252ef2b647f892215310a2175488V.jpg_300x300.jpg,2026-09-08T05:41:19.083000+00:00,women handbag,zh-CN
ali-1601275415320,Alibaba.com,女包,1601275415320,女式手袋PU皮革斜挎包手工皮革手提包女式大容量女式手提袋,女式手袋PU皮革斜挎包手工皮革手提包女式大容量女式手提袋；180 天内底价；11月02日前到货；无忧退；复购率 36%,US$5.07,USD,5.07,5.07,最低起订量：2 pieces,2,pieces,"Yiwu Be Lucky Handbag Co., Ltd.",7年 / CN,4.5,4.5/5.0 / (64),180 天内底价 | 11月02日前到货 | 无忧退 | 复购率 36%,,False,https://www.alibaba.com/product-detail/Women-s-Handbags-PU-Leather-Crossbody_1601275415320.html,https://s.alicdn.com/@sc04/kf/H6b0c6e6b0f3f4293a2220579c8642f78Q.png_300x300.png,2026-09-08T05:41:19.083000+00:00,women handbag,zh-CN
ali-1601308474995,Alibaba.com,女包,1601308474995,2026年高品质女包工厂定制时尚PU真皮包手提包女式皮包,"2026年高品质女包工厂定制时尚PU真皮包手提包女式皮包；满 US$2,000 立减 5%；无忧退",US$5.65-8.75,USD,5.65,8.75,最低起订量：50 pieces,50,pieces,"Sichuan Tiannike Trading Co., Ltd.",3年 / CN,4.7,4.7/5.0 / (71),"满 US$2,000 立减 5% | 无忧退",认证,False,https://www.alibaba.com/product-detail/2026-High-Quality-Women-s-Bags_1601308474995.html,https://s.alicdn.com/@sc04/kf/H1ca9f162208b4e83834049d1d838f0fcC.jpg_300x300.jpg,2026-09-08T05:41:19.083000+00:00,women handbag,zh-CN
ali-1601637353360,Alibaba.com,太阳镜,1601637353360,2025 年热销设计师经典无框太阳镜，钻石切割风格奢华眼镜，男女通用，带 UV400 防护,2025 年热销设计师经典无框太阳镜，钻石切割风格奢华眼镜，男女通用，带 UV400 防护；180 天内底价；9月25日前到货；退款保证,US$1.77,USD,1.77,1.77,最低起订量：2 pieces,2,pieces,"Linhai Yihang Eyewear Co., Ltd.",2年 / CN,4.6,4.6/5.0 / (737),180 天内底价 | 9月25日前到货 | 退款保证,认证,False,https://www.alibaba.com/product-detail/2025-Hot-Selling-Designer-Classic-Rimless_1601637353360.html,https://s.alicdn.com/@sc04/kf/H87aeee4f815c483ca2a62e882f5f0af9R.jpg_300x300.jpg,2026-09-08T05:41:22.921000+00:00,fashion sunglasses,zh-CN
ali-1600517947199,Alibaba.com,太阳镜,1600517947199,2025免费样品新款时尚环保再生太阳镜定制标志夏季眼镜偏光男士太阳镜,"2025免费样品新款时尚环保再生太阳镜定制标志夏季眼镜偏光男士太阳镜；满 US$2,000 立减 5%；复购率 22%",US$0.40-1.80,USD,0.40,1.80,最低起订量：5 pieces,5,pieces,"Yiwu Conchen Glasses Co., Ltd.",10年 / CN,4.9,4.9/5.0 / (151),"满 US$2,000 立减 5% | 复购率 22%",认证,False,https://www.alibaba.com/product-detail/2025-Free-Sample-New-Fashion-Eco_1600517947199.html,https://s.alicdn.com/@sc04/kf/H3f32e88a85ba49f6bf795db2f560940dy.jpg_300x300.jpg,2026-09-08T05:41:22.921000+00:00,fashion sunglasses,zh-CN
ali-1600936067873,Alibaba.com,太阳镜,1600936067873,2026 高品质墨镜奢华设计师品牌标志太阳镜定制男士 UV400 时尚方形太阳镜女士,2026 高品质墨镜奢华设计师品牌标志太阳镜定制男士 UV400 时尚方形太阳镜女士；10月05日前到货；退款保证；复购率 28%,US$1.56,USD,1.56,1.56,最低起订量：10 pieces,10,pieces,"Yiwu Qmoon Sunglasses Co., Ltd.",12年 / CN,4.7,4.7/5.0 / (225),10月05日前到货 | 退款保证 | 复购率 28%,认证,False,https://www.alibaba.com/product-detail/High-Quality-Luxury-Designer-Sunglasses-with_1600936067873.html,https://s.alicdn.com/@sc04/kf/Hcf01c43c46cf4a2486e32adbf161a11cc.png_300x300.png,2026-09-08T05:41:22.921000+00:00,fashion sunglasses,zh-CN
ali-1600899980427,Alibaba.com,太阳镜,1600899980427,新款时尚偏光太阳镜自行车眼镜骑行眼镜防风户外运动太阳镜,新款时尚偏光太阳镜自行车眼镜骑行眼镜防风户外运动太阳镜；9月25日前到货；退款保证,US$2.26,USD,2.26,2.26,最低起订量：2 pieces,2,pieces,"Taizhou Jiaojiang Junyi E-Commerce Co., Ltd.",4年 / CN,4.5,4.5/5.0 / (225),9月25日前到货 | 退款保证,,False,https://www.alibaba.com/product-detail/New-Fashion-Polarized-Sunglasses-Bicycle-Glasses_1600899980427.html,https://s.alicdn.com/@sc04/kf/Hfa0fc24482644d56aa9d7222f82cfb6bP.jpg_300x300.jpg,2026-09-08T05:41:22.921000+00:00,fashion sunglasses,zh-CN
ali-1600764427513,Alibaba.com,太阳镜,1600764427513,长方形徽标定制黑色太阳镜奢华时尚小方框墨镜男女UV400设计经典批发,长方形徽标定制黑色太阳镜奢华时尚小方框墨镜男女UV400设计经典批发；180 天内底价；9月25日前到货；退款保证；复购率 22%,US$1.02,USD,1.02,1.02,最低起订量：5 pieces,5,pieces,"Taizhou Guanhong Trading Co., Ltd.",5年 / CN,4.7,4.7/5.0 / (167),180 天内底价 | 9月25日前到货 | 退款保证 | 复购率 22%,认证,False,https://www.alibaba.com/product-detail/Rectangle-Logo-Custom-Black-Sunglasses-Luxury_1600764427513.html,https://s.alicdn.com/@sc04/kf/Hdc5937adc0e54f0b91d323fab8f7aed4k.jpg_300x300.jpg,2026-09-08T05:41:22.921000+00:00,fashion sunglasses,zh-CN
ali-1601441944823,Alibaba.com,太阳镜,1601441944823,2025新款轻型奢华方形时尚男女太阳镜UV400黑色电脑框架高端遮阳太阳镜,"2025新款轻型奢华方形时尚男女太阳镜UV400黑色电脑框架高端遮阳太阳镜；满 US$2,000 立减 5%；无忧退；复购率 26%",US$1.50-1.95,USD,1.50,1.95,最低起订量：3 pieces,3,pieces,"Shenzhen Yuechen Glasses Co., Ltd.",3年 / CN,4.8,4.8/5.0 / (291),"满 US$2,000 立减 5% | 无忧退 | 复购率 26%",,False,https://www.alibaba.com/product-detail/2025-New-Style-Light-Luxury-Square_1601441944823.html,https://s.alicdn.com/@sc04/kf/Hdf583d3e2a88447baa8851e054f32e3eJ.jpg_300x300.jpg,2026-09-08T05:41:22.921000+00:00,fashion sunglasses,zh-CN
ali-1600710760930,Alibaba.com,太阳镜,1600710760930,2026年奢华时尚定制徽标复古潮流UV400太阳镜 Gafas De Sol Shades 小号长方形太阳镜男女款,2026年奢华时尚定制徽标复古潮流UV400太阳镜 Gafas De Sol Shades 小号长方形太阳镜男女款；180 天内底价；9月25日前到货；退款保证；复购率 28%,US$1.30,USD,1.30,1.30,最低起订量：11 pieces,11,pieces,"Yiwu Dano Glasses Co., Ltd.",4年 / CN,4.8,4.8/5.0 / (167),180 天内底价 | 9月25日前到货 | 退款保证 | 复购率 28%,认证,False,https://www.alibaba.com/product-detail/2026-Luxury-Fashion-Custom-Logo-Retro_1600710760930.html,https://s.alicdn.com/@sc04/kf/H6f2e04affbe04312b3f35eef8731507a6.jpg_300x300.jpg,2026-09-08T05:41:22.921000+00:00,fashion sunglasses,zh-CN
ali-1601187313653,Alibaba.com,太阳镜,1601187313653,防紫外线镜片沙滩太阳镜太阳眼镜女时尚墨镜方框太阳镜,"防紫外线镜片沙滩太阳镜太阳眼镜女时尚墨镜方框太阳镜；满 US$2,000 立减 5%；无忧退",US$0.78-1.08,USD,0.78,1.08,最低起订量：12 pieces,12,pieces,"Wenzhou Baibo Eyeglasses Co., Ltd.",5年 / CN,4.7,4.7/5.0 / (259),"满 US$2,000 立减 5% | 无忧退",,False,https://www.alibaba.com/product-detail/Anti-UV-Lens-Beach-Sunglasses-Lunette_1601187313653.html,https://s.alicdn.com/@sc04/kf/Hc9541c961bd2491792055ba4686bf652k.jpg_300x300.jpg,2026-09-08T05:41:22.921000+00:00,fashion sunglasses,zh-CN
ali-1600429456469,Alibaba.com,太阳镜,1600429456469,时尚长方形眼镜复古墨镜纯色眼镜复古铆钉箭头现代男女UV400方形太阳镜,时尚长方形眼镜复古墨镜纯色眼镜复古铆钉箭头现代男女UV400方形太阳镜；每满 US$100，立减 US$10；180 天内底价；11月02日前到货；复购率 19%,US$1.78,USD,1.78,1.78,最低起订量：15 pieces,15,pieces,"Yiwu Jiucong Sunglasses Co., Ltd.",5年 / CN,4.6,4.6/5.0 / (90),每满 US$100，立减 US$10 | 180 天内底价 | 11月02日前到货 | 复购率 19%,,False,https://www.alibaba.com/product-detail/Modern-Fashionable-Sunglasses-with-Vintage-Rivet_1600429456469.html,https://s.alicdn.com/@sc04/kf/H4a8c78d86ca64cc5b682ddbfa639069eU.jpg_300x300.jpg,2026-09-08T05:41:22.921000+00:00,fashion sunglasses,zh-CN
ali-1601675157657,Alibaba.com,太阳镜,1601675157657,时尚设计新款男女通用潮流太阳镜奢华大框时尚高品质设计师太阳镜带弧形侧面,时尚设计新款男女通用潮流太阳镜奢华大框时尚高品质设计师太阳镜带弧形侧面；180 天内底价；3 天内发货；无忧退；复购率 28%,US$1.97,USD,1.97,1.97,最低起订量：2 pieces,2,pieces,"Hunan Superhot Trading Co., Ltd.",7年 / CN,4.6,4.6/5.0 / (127),180 天内底价 | 3 天内发货 | 无忧退 | 复购率 28%,,False,https://www.alibaba.com/product-detail/Fashion-Design-New-Unisex-Trending-Sunglasses_1601675157657.html,https://s.alicdn.com/@sc04/kf/H190013d339934d92b2934e033f952cc3H.png_300x300.png,2026-09-08T05:41:22.921000+00:00,fashion sunglasses,zh-CN
ali-1600792602713,Alibaba.com,水杯,1600792602713,定制标志600毫升750毫升1000毫升可重复使用高硼硅酸盐带盖玻璃水瓶,定制标志600毫升750毫升1000毫升可重复使用高硼硅酸盐带盖玻璃水瓶；无忧退；复购率 15%,US$1.95-2.35,USD,1.95,2.35,最低起订量：10 pieces,10,pieces,"Hebei Yingcheng Houseware Co., Ltd.",4年 / CN,4.9,4.9/5.0 / (77),无忧退 | 复购率 15%,认证,False,https://www.alibaba.com/product-detail/Custom-Logo-600ml-750ml-1000ml-Reusable_1600792602713.html,https://s.alicdn.com/@sc04/kf/H68cd0a10bcc34b11b7244b12ecc48497Z.jpg_300x300.jpg,2026-09-08T05:41:26.458000+00:00,reusable water bottle,zh-CN
ali-1600348208540,Alibaba.com,水杯,1600348208540,新款定制 18 盎司保温不锈钢真空保温瓶保温杯运动用可重复使用水瓶,"新款定制 18 盎司保温不锈钢真空保温瓶保温杯运动用可重复使用水瓶；满 US$2,000 立减 5%；复购率 21%",US$0.99-2.90,USD,0.99,2.90,最低起订量：25 pieces,25,pieces,"Chengdu Binduo Technology Co., Ltd.",6年 / CN,4.8,4.8/5.0 / (260),"满 US$2,000 立减 5% | 复购率 21%",,False,https://www.alibaba.com/product-detail/NEW-Custom-18oz-Insulated-Stainless-Steel_1600348208540.html,https://s.alicdn.com/@sc04/kf/H3e65535b938d4e49980b64af6312596dw.jpg_300x300.jpg,2026-09-08T05:41:26.458000+00:00,reusable water bottle,zh-CN
ali-1601095871495,Alibaba.com,水杯,1601095871495,吸管杯双壁双壁塑料亚克力10盎司儿童塑料雪球水瓶带带翻盖顶盖,吸管杯双壁双壁塑料亚克力10盎司儿童塑料雪球水瓶带带翻盖顶盖；无忧退；复购率 38%,US$0.69-1.98,USD,0.69,1.98,最低起订量：60 pieces,60,pieces,"Hangzhou Ggblanks Houseware Co., Ltd.",5年 / CN,4.6,4.6/5.0 / (176),无忧退 | 复购率 38%,,False,https://www.alibaba.com/product-detail/Sippy-Cups-Double-Walled-Double-Wall_1601095871495.html,https://s.alicdn.com/@sc04/kf/Hb423446d9d9f4d788e56ede643564f46f.jpg_300x300.jpg,2026-09-08T05:41:26.458000+00:00,reusable water bottle,zh-CN
ali-1601806029739,Alibaba.com,水杯,1601806029739,可重复使用、不含 BPA 的硅胶折叠水瓶，适合旅行、健身房、露营、徒步，便携式防漏运动水瓶,可重复使用、不含 BPA 的硅胶折叠水瓶，适合旅行、健身房、露营、徒步，便携式防漏运动水瓶；11月14日前到货；复购率 32%,US$1.33-1.35,USD,1.33,1.35,最低起订量：100 pieces,100,pieces,"Sichuan Tengyang Intelligent Technology Co., Ltd.",7年 / CN,4.9,4.9/5.0 / (28),11月14日前到货 | 复购率 32%,认证,False,https://www.alibaba.com/product-detail/Reusable-BPA-Free-Silicone-Foldable-Water_1601806029739.html,https://s.alicdn.com/@sc04/kf/H47fea9569fa14dd69e650bbfa4661988q.jpg_300x300.jpg,2026-09-08T05:41:26.458000+00:00,reusable water bottle,zh-CN
ali-1601420209592,Alibaba.com,水杯,1601420209592,批发硼硅酸盐豪华圆形玻璃水瓶定制盖2盎司 ~ 25盎司木盖多容量玻璃果汁瓶,"批发硼硅酸盐豪华圆形玻璃水瓶定制盖2盎司 ~ 25盎司木盖多容量玻璃果汁瓶；满 US$2,000 立减 5%；无忧退",US$0.89-1.65,USD,0.89,1.65,最低起订量：50 pieces,50,pieces,"Xuzhou Jianmei Glass Products Co., Ltd. Yunlong Branch",2年 / CN,5.0,5.0/5.0 / (9),"满 US$2,000 立减 5% | 无忧退",,False,https://www.alibaba.com/product-detail/Wholesale-Borosilicate-Luxury-Round-Glass-Water_1601420209592.html,https://s.alicdn.com/@sc04/kf/H348530b51740482a82e8f996c8ab9cd7e.png_300x300.png,2026-09-08T05:41:26.458000+00:00,reusable water bottle,zh-CN
ali-1601208146764,Alibaba.com,水杯,1601208146764,定制挤压轻质跑步饮料可重复使用便携式可折叠折叠硅胶健身房运动可折叠旅行水瓶,定制挤压轻质跑步饮料可重复使用便携式可折叠折叠硅胶健身房运动可折叠旅行水瓶；制造商排行榜第5名,US$2.53-2.97,USD,2.53,2.97,最低起订量：500 pieces,500,pieces,"Shenzhen Kean Silicone Product Co., Ltd.",14年 / CN,4.5,4.5/5.0 / (15),制造商排行榜第5名,认证,False,https://www.alibaba.com/product-detail/Custom-Squeeze-Lightweight-Running-Drink-Reusable_1601208146764.html,https://s.alicdn.com/@sc04/kf/Hd9fe96e849554572a1403738868d31373.jpg_300x300.jpg,2026-09-08T05:41:26.458000+00:00,reusable water bottle,zh-CN
ali-1601199400756,Alibaba.com,水杯,1601199400756,可折叠600毫升可重复使用食品级硅胶旅行水瓶聚氯乙烯礼品盒运动健身轻质硅胶水瓶,可折叠600毫升可重复使用食品级硅胶旅行水瓶聚氯乙烯礼品盒运动健身轻质硅胶水瓶；180 天内底价,US$0.54-0.70,USD,0.54,0.70,最低起订量：1 piece,1,piece,"FAYREN INT'L GROUP (CHINA) CO., LIMITED",3年 / HK,4.9,4.9/5.0 / (14),180 天内底价,,False,https://www.alibaba.com/product-detail/Collapsible-600ml-Reusable-Food-Grade-Silicone_1601199400756.html,https://s.alicdn.com/@sc04/kf/He7fc32574ea546ebb27f1907ef8a353eG.jpg_300x300.jpg,2026-09-08T05:41:26.458000+00:00,reusable water bottle,zh-CN
ali-1601707678541,Alibaba.com,水杯,1601707678541,热销16盎司450毫升廉价玻璃水瓶，带不易碎塑料外壳，可定制,"热销16盎司450毫升廉价玻璃水瓶，带不易碎塑料外壳，可定制；满 US$2,000 立减 5%；无忧退",US$0.23-0.29,USD,0.23,0.29,最低起订量：10 pieces,10,pieces,"Taizhou Tbay Technology Co., Ltd.",2年 / CN,4.8,4.8/5.0 / (40),"满 US$2,000 立减 5% | 无忧退",,False,https://www.alibaba.com/product-detail/Hot-Selling-16oz-450mL-Cheap-Price_1601707678541.html,https://s.alicdn.com/@sc04/kf/H5b3cb2bbf92640b884c2a7db66841e70G.jpg_300x300.jpg,2026-09-08T05:41:26.458000+00:00,reusable water bottle,zh-CN
ali-1601668529540,Alibaba.com,水杯,1601668529540,2026年批发定制带徽标磨砂硼硅玻璃400毫升防漏不含BPA旅行饮水瓶绳索玻璃饮具,2026年批发定制带徽标磨砂硼硅玻璃400毫升防漏不含BPA旅行饮水瓶绳索玻璃饮具；11月12日前到货；无忧退,US$0.30,USD,0.30,0.30,最低起订量：10 pieces,10,pieces,"Yiwu Zhibao International Trade Co., Ltd.",1年 / CN,4.5,4.5/5.0 / (17),11月12日前到货 | 无忧退,,False,https://www.alibaba.com/product-detail/Wholesale-Custom-Logo-Frosted-Borosilicate-400ml_1601668529540.html,https://s.alicdn.com/@sc04/kf/Hae53bfdcf7394750a6bbaecc9a007bb40.png_300x300.png,2026-09-08T05:41:26.458000+00:00,reusable water bottle,zh-CN
ali-1600473859698,Alibaba.com,水杯,1600473859698,550毫升750毫升促销可重复使用双酚a免费挤压定制徒步旅行自行车水瓶聚乙烯塑料运动水瓶,550毫升750毫升促销可重复使用双酚a免费挤压定制徒步旅行自行车水瓶聚乙烯塑料运动水瓶；11月14日前到货；复购率 26%,US$1.75,USD,1.75,1.75,最低起订量：50 pieces,50,pieces,Shenzhen Siyu Sports Goods Corporation Ltd.,6年 / CN,4.9,4.9/5.0 / (23),11月14日前到货 | 复购率 26%,,False,https://www.alibaba.com/product-detail/550ml750ml-Promotional-Reusable-BPA-Free-Squeeze_1600473859698.html,https://s.alicdn.com/@sc04/kf/H4e5df10e0e494bb0b28634d1827a7be1U.jpg_300x300.jpg,2026-09-08T05:41:26.458000+00:00,reusable water bottle,zh-CN
